id, codification, season_id, date, round, home_id, away_id, home_formation_id, away_formation_id, home_goals_full_time, away_goals_full_time, home_goals_half_time, away_goals_half_time, result, home_possession, away_possession, home_shots, away_shots, home_shots_on_target, away_shots_on_target, home_fouls, away_fouls, home_yellow_cards, away_yellow_cards, home_red_cards, away_red_cards, home_corners, away_corners, home_offsides, away_offsides, b365h_odds, b365d_odds, b365a_odds, competition_code
3940, 21/08/2015_Málaga_Sevilla, 6, 21/08/2015, 1, 28, 12, 1, 3, 0, 0, 0, 0, D, 58, 42, 25, 10, 5, 2, 19, 11, 3, 5, 0, 1, 7, 2, 1, 3, 3.40, 3.40, 2.15, LAL
3941, 22/08/2015_Deportivo-La-Coruña_Real-Sociedad, 6, 22/08/2015, 1, 29, 11, 3, 1, 0, 0, 0, 0, D, 58, 42, 16, 9, 5, 2, 16, 10, 3, 2, 0, 0, 5, 4, 2, 2, 2.50, 3.20, 3.00, LAL
3942, 22/08/2015_Espanyol_Getafe, 6, 22/08/2015, 1, 17, 6, 3, 3, 1, 0, 1, 0, H, 34, 67, 5, 13, 2, 3, 19, 14, 2, 5, 0, 1, 4, 6, 5, 2, 1.91, 3.40, 4.33, LAL
3943, 22/08/2015_Atlético-Madrid_Las-Palmas, 6, 22/08/2015, 1, 3, 18, 1, 9, 1, 0, 1, 0, H, 62, 38, 14, 8, 3, 1, 11, 16, 2, 0, 0, 0, 4, 4, 0, 0, 1.20, 6.50, 15.00, LAL
3944, 22/08/2015_Rayo-Vallecano_Valencia, 6, 22/08/2015, 1, 15, 13, 1, 2, 0, 0, 0, 0, D, 53, 47, 8, 10, 3, 4, 19, 11, 3, 1, 0, 0, 3, 3, 0, 1, 3.60, 3.50, 2.05, LAL
3945, 23/08/2015_Athletic-Club_Barcelona, 6, 23/08/2015, 1, 2, 4, 3, 2, 0, 1, 0, 0, A, 33, 67, 8, 10, 2, 4, 16, 11, 3, 3, 0, 0, 2, 4, 4, 4, 6.50, 4.33, 1.50, LAL
3946, 23/08/2015_Sporting-Gijón_Real-Madrid, 6, 23/08/2015, 1, 30, 10, 1, 3, 0, 0, 0, 0, D, 36, 64, 6, 27, 0, 8, 20, 4, 4, 0, 0, 0, 2, 5, 2, 1, 13.00, 6.50, 1.22, LAL
3947, 23/08/2015_Levante_Celta-Vigo, 6, 23/08/2015, 1, 26, 5, 6, 2, 1, 2, 0, 1, A, 29, 71, 11, 15, 2, 6, 12, 17, 1, 3, 1, 0, 4, 6, 0, 0, 3.60, 3.30, 2.15, LAL
3948, 23/08/2015_Real-Betis_Villarreal, 6, 23/08/2015, 1, 9, 16, 1, 1, 1, 1, 0, 1, D, 66, 34, 22, 8, 6, 4, 11, 26, 3, 1, 0, 1, 7, 5, 1, 2, 2.80, 3.25, 2.60, LAL
3949, 24/08/2015_Granada_Eibar, 6, 24/08/2015, 1, 21, 24, 3, 3, 1, 3, 0, 2, A, 57, 43, 12, 10, 6, 4, 5, 23, 1, 6, 1, 0, 6, 5, 1, 3, 1.91, 3.30, 4.50, LAL
3950, 28/08/2015_Villarreal_Espanyol, 6, 28/08/2015, 2, 16, 17, 1, 1, 3, 1, 0, 1, H, 57, 43, 14, 5, 4, 3, 10, 20, 1, 6, 0, 0, 2, 3, 5, 1, 1.57, 3.80, 6.50, LAL
3951, 29/08/2015_Real-Sociedad_Sporting-Gijón, 6, 29/08/2015, 2, 11, 30, 3, 1, 0, 0, 0, 0, D, 58, 42, 12, 7, 1, 2, 10, 15, 4, 5, 0, 0, 6, 4, 2, 2, 1.85, 3.50, 4.50, LAL
3952, 29/08/2015_Barcelona_Málaga, 6, 29/08/2015, 2, 4, 28, 2, 1, 1, 0, 0, 0, H, 75, 25, 22, 4, 13, 1, 4, 21, 0, 3, 0, 0, 15, 2, 4, 3, 1.10, 10.00, 26.00, LAL
3953, 29/08/2015_Celta-Vigo_Rayo-Vallecano, 6, 29/08/2015, 2, 5, 15, 2, 3, 3, 0, 0, 0, H, 65, 35, 11, 3, 7, 0, 7, 11, 3, 2, 0, 1, 5, 4, 7, 7, 1.53, 4.33, 6.00, LAL
3954, 29/08/2015_Real-Madrid_Real-Betis, 6, 29/08/2015, 2, 10, 9, 3, 1, 5, 0, 2, 0, H, 69, 31, 21, 7, 11, 1, 12, 14, 3, 3, 0, 0, 11, 4, 3, 0, 1.10, 10.00, 26.00, LAL
3955, 30/08/2015_Eibar_Athletic-Club, 6, 30/08/2015, 2, 24, 2, 3, 3, 2, 0, 0, 0, H, 43, 57, 9, 9, 8, 1, 14, 13, 2, 2, 0, 0, 11, 4, 3, 1, 4.00, 3.10, 2.10, LAL
3956, 30/08/2015_Valencia_Deportivo-La-Coruña, 6, 30/08/2015, 2, 13, 29, 2, 3, 1, 1, 1, 1, D, 54, 46, 12, 12, 6, 3, 13, 16, 4, 1, 1, 0, 5, 7, 4, 1, 1.44, 4.33, 8.00, LAL
3957, 30/08/2015_Sevilla_Atlético-Madrid, 6, 30/08/2015, 2, 12, 3, 3, 1, 0, 3, 0, 1, A, 63, 38, 25, 17, 7, 7, 17, 13, 3, 4, 0, 0, 11, 1, 0, 0, 2.80, 3.20, 2.63, LAL
3958, 30/08/2015_Las-Palmas_Levante, 6, 30/08/2015, 2, 18, 26, 6, 6, 0, 0, 0, 0, D, 64, 36, 16, 3, 2, 2, 14, 21, 2, 4, 0, 0, 3, 0, 4, 2, 1.91, 3.30, 4.50, LAL
3959, 30/08/2015_Getafe_Granada, 6, 30/08/2015, 2, 6, 21, 3, 3, 1, 2, 0, 1, A, 61, 39, 16, 9, 4, 4, 16, 15, 5, 3, 0, 0, 6, 6, 0, 3, 2.05, 3.20, 4.00, LAL
3960, 11/09/2015_Levante_Sevilla, 6, 11/09/2015, 3, 26, 12, 6, 1, 1, 1, 0, 1, D, 54, 46, 14, 8, 4, 3, 12, 8, 3, 3, 0, 0, 5, 4, 1, 2, 4.75, 3.75, 1.75, LAL
3961, 12/09/2015_Espanyol_Real-Madrid, 6, 12/09/2015, 3, 17, 10, 1, 3, 0, 6, 0, 3, A, 53, 47, 14, 15, 3, 8, 19, 10, 2, 2, 0, 0, 5, 6, 0, 4, 10.00, 5.00, 1.33, LAL
3962, 12/09/2015_Sporting-Gijón_Valencia, 6, 12/09/2015, 3, 30, 13, 1, 2, 0, 1, 0, 0, A, 40, 60, 15, 17, 8, 3, 16, 11, 3, 3, 0, 0, 4, 6, 3, 4, 3.40, 3.20, 2.25, LAL
3963, 12/09/2015_Atlético-Madrid_Barcelona, 6, 12/09/2015, 3, 3, 4, 1, 2, 1, 2, 0, 0, A, 31, 69, 11, 13, 3, 5, 17, 5, 3, 1, 0, 0, 1, 10, 3, 0, 3.30, 3.20, 2.30, LAL
3964, 12/09/2015_Real-Betis_Real-Sociedad, 6, 12/09/2015, 3, 9, 11, 1, 3, 1, 0, 1, 0, H, 39, 61, 9, 14, 2, 3, 12, 10, 6, 3, 1, 0, 2, 4, 2, 5, 2.30, 3.30, 3.20, LAL
3965, 13/09/2015_Granada_Villarreal, 6, 13/09/2015, 3, 21, 16, 3, 1, 1, 3, 0, 0, A, 56, 44, 13, 8, 2, 5, 16, 21, 2, 4, 0, 0, 8, 6, 0, 6, 3.50, 3.10, 2.25, LAL
3966, 13/09/2015_Athletic-Club_Getafe, 6, 13/09/2015, 3, 2, 6, 3, 3, 3, 1, 2, 0, H, 54, 46, 14, 12, 6, 4, 12, 15, 1, 4, 0, 0, 12, 5, 8, 2, 1.57, 3.75, 7.00, LAL
3967, 13/09/2015_Celta-Vigo_Las-Palmas, 6, 13/09/2015, 3, 5, 18, 2, 1, 3, 3, 1, 1, D, 68, 32, 25, 9, 12, 4, 19, 14, 0, 3, 0, 1, 7, 2, 1, 1, 1.50, 4.20, 7.00, LAL
3968, 13/09/2015_Málaga_Eibar, 6, 13/09/2015, 3, 28, 24, 3, 3, 0, 0, 0, 0, D, 52, 48, 10, 7, 4, 0, 11, 13, 2, 4, 0, 0, 4, 3, 3, 2, 1.75, 3.50, 5.25, LAL
3969, 14/09/2015_Rayo-Vallecano_Deportivo-La-Coruña, 6, 14/09/2015, 3, 15, 29, 3, 7, 1, 3, 1, 2, A, 64, 36, 8, 14, 2, 8, 12, 10, 2, 2, 1, 0, 5, 4, 4, 5, 2.10, 3.50, 3.50, LAL
3970, 18/09/2015_Getafe_Málaga, 6, 18/09/2015, 4, 6, 28, 3, 3, 1, 0, 1, 0, H, 39, 61, 10, 13, 4, 3, 18, 11, 5, 2, 0, 0, 4, 7, 0, 7, 2.60, 3.10, 2.90, LAL
3971, 19/09/2015_Real-Madrid_Granada, 6, 19/09/2015, 4, 10, 21, 3, 3, 1, 0, 0, 0, H, 67, 33, 20, 12, 10, 3, 9, 15, 1, 3, 0, 0, 10, 1, 3, 1, 1.06, 15.00, 26.00, LAL
3972, 19/09/2015_Valencia_Real-Betis, 6, 19/09/2015, 4, 13, 9, 2, 1, 0, 0, 0, 0, D, 65, 35, 22, 3, 5, 1, 17, 15, 4, 4, 0, 1, 7, 1, 4, 1, 1.50, 4.33, 6.50, LAL
3973, 19/09/2015_Eibar_Atlético-Madrid, 6, 19/09/2015, 4, 24, 3, 3, 2, 0, 2, 0, 0, A, 41, 59, 9, 14, 3, 6, 13, 7, 2, 1, 0, 0, 1, 4, 0, 2, 7.00, 3.75, 1.57, LAL
3974, 19/09/2015_Real-Sociedad_Espanyol, 6, 19/09/2015, 4, 11, 17, 3, 3, 2, 3, 1, 0, A, 51, 49, 10, 18, 3, 6, 15, 16, 2, 3, 1, 0, 7, 6, 2, 3, 2.00, 3.40, 4.00, LAL
3975, 20/09/2015_Sevilla_Celta-Vigo, 6, 20/09/2015, 4, 12, 5, 3, 3, 1, 2, 0, 2, A, 45, 55, 13, 15, 5, 5, 16, 16, 3, 6, 0, 1, 5, 5, 0, 4, 1.80, 3.75, 4.33, LAL
3976, 20/09/2015_Deportivo-La-Coruña_Sporting-Gijón, 6, 20/09/2015, 4, 29, 30, 3, 1, 2, 3, 2, 3, A, 62, 38, 19, 4, 9, 4, 11, 16, 3, 3, 0, 0, 8, 3, 1, 2, 2.05, 3.10, 4.20, LAL
3977, 20/09/2015_Villarreal_Athletic-Club, 6, 20/09/2015, 4, 16, 2, 1, 3, 3, 1, 0, 0, H, 46, 54, 14, 10, 7, 2, 17, 6, 4, 4, 0, 0, 9, 4, 6, 0, 2.00, 3.50, 3.75, LAL
3978, 20/09/2015_Las-Palmas_Rayo-Vallecano, 6, 20/09/2015, 4, 18, 15, 6, 3, 0, 1, 0, 1, A, 51, 49, 8, 17, 2, 6, 13, 19, 3, 5, 0, 0, 3, 5, 3, 1, 1.91, 3.50, 4.00, LAL
3979, 20/09/2015_Barcelona_Levante, 6, 20/09/2015, 4, 4, 26, 3, 6, 4, 1, 0, 0, H, 70, 30, 21, 11, 8, 4, 8, 15, 0, 1, 0, 0, 4, 4, 3, 6, 1.06, 12.00, 29.00, LAL
3980, 22/09/2015_Espanyol_Valencia, 6, 22/09/2015, 5, 17, 13, 3, 2, 1, 0, 1, 0, H, 48, 52, 17, 10, 5, 4, 22, 14, 5, 7, 0, 0, 7, 6, 1, 0, 3.25, 3.25, 2.30, LAL
3981, 22/09/2015_Atlético-Madrid_Getafe, 6, 22/09/2015, 5, 3, 6, 1, 3, 2, 0, 1, 0, H, 54, 46, 12, 6, 3, 2, 14, 10, 3, 2, 0, 0, 6, 1, 4, 0, 1.25, 5.50, 15.00, LAL
3982, 22/09/2015_Granada_Real-Sociedad, 6, 22/09/2015, 5, 21, 11, 3, 3, 0, 3, 0, 2, A, 51, 49, 11, 8, 1, 5, 20, 18, 5, 4, 0, 0, 4, 3, 4, 2, 2.40, 3.10, 3.20, LAL
3983, 23/09/2015_Celta-Vigo_Barcelona, 6, 23/09/2015, 5, 5, 4, 1, 2, 4, 1, 2, 0, H, 44, 56, 18, 18, 5, 7, 19, 4, 2, 2, 0, 0, 5, 10, 7, 0, 6.50, 4.50, 1.50, LAL
3984, 23/09/2015_Rayo-Vallecano_Sporting-Gijón, 6, 23/09/2015, 5, 15, 30, 3, 1, 2, 1, 0, 0, H, 64, 36, 18, 6, 6, 2, 14, 18, 2, 3, 0, 1, 4, 4, 3, 0, 2.25, 3.40, 3.20, LAL
3985, 23/09/2015_Levante_Eibar, 6, 23/09/2015, 5, 26, 24, 6, 3, 2, 2, 0, 1, D, 59, 41, 12, 10, 2, 4, 13, 23, 2, 5, 0, 0, 4, 7, 1, 6, 2.38, 3.10, 3.25, LAL
3986, 23/09/2015_Athletic-Club_Real-Madrid, 6, 23/09/2015, 5, 2, 10, 3, 3, 1, 2, 0, 1, A, 44, 56, 12, 22, 5, 6, 16, 9, 4, 3, 0, 0, 6, 8, 0, 3, 5.25, 4.20, 1.62, LAL
3987, 23/09/2015_Las-Palmas_Sevilla, 6, 23/09/2015, 5, 18, 12, 6, 1, 2, 0, 1, 0, H, 43, 57, 12, 17, 4, 3, 9, 13, 3, 4, 0, 0, 5, 5, 4, 7, 3.30, 3.40, 2.20, LAL
3988, 23/09/2015_Málaga_Villarreal, 6, 23/09/2015, 5, 28, 16, 3, 1, 0, 1, 0, 0, A, 59, 42, 15, 9, 4, 3, 18, 14, 2, 3, 0, 0, 8, 5, 2, 3, 2.63, 3.30, 2.75, LAL
3989, 24/09/2015_Real-Betis_Deportivo-La-Coruña, 6, 24/09/2015, 5, 9, 29, 1, 3, 1, 2, 0, 0, A, 60, 40, 9, 8, 2, 3, 11, 21, 3, 5, 0, 0, 3, 4, 5, 2, 2.25, 3.30, 3.30, LAL
3990, 25/09/2015_Valencia_Granada, 6, 25/09/2015, 6, 13, 21, 1, 3, 1, 0, 1, 0, H, 48, 52, 12, 18, 5, 3, 19, 20, 3, 3, 0, 0, 11, 3, 2, 0, 1.45, 4.50, 7.50, LAL
3991, 26/09/2015_Barcelona_Las-Palmas, 6, 26/09/2015, 6, 4, 18, 2, 6, 2, 1, 1, 0, H, 67, 33, 18, 10, 6, 6, 12, 23, 2, 4, 0, 0, 3, 4, 6, 3, 1.08, 11.00, 26.00, LAL
3992, 26/09/2015_Real-Madrid_Málaga, 6, 26/09/2015, 6, 10, 28, 2, 1, 0, 0, 0, 0, D, 57, 43, 31, 12, 9, 3, 11, 10, 4, 3, 0, 1, 0, 3, 4, 3, 1.11, 10.00, 21.00, LAL
3993, 26/09/2015_Sevilla_Rayo-Vallecano, 6, 26/09/2015, 6, 12, 15, 3, 3, 3, 2, 2, 0, H, 49, 52, 16, 18, 8, 5, 9, 18, 1, 4, 0, 1, 6, 5, 2, 0, 1.44, 4.75, 7.00, LAL
3994, 26/09/2015_Villarreal_Atlético-Madrid, 6, 26/09/2015, 6, 16, 3, 1, 1, 1, 0, 1, 0, H, 48, 52, 5, 9, 2, 4, 11, 15, 2, 2, 0, 0, 1, 5, 3, 0, 2.90, 3.10, 2.60, LAL
3995, 26/09/2015_Eibar_Celta-Vigo, 6, 26/09/2015, 6, 24, 5, 1, 2, 1, 1, 1, 0, D, 34, 66, 10, 9, 3, 2, 25, 16, 5, 4, 0, 0, 4, 4, 0, 2, 3.75, 3.40, 2.05, LAL
3996, 27/09/2015_Sporting-Gijón_Real-Betis, 6, 27/09/2015, 6, 30, 9, 1, 8, 1, 2, 1, 0, A, 56, 44, 19, 13, 10, 5, 11, 9, 1, 1, 0, 0, 10, 4, 4, 1, 2.30, 3.20, 3.30, LAL
3997, 27/09/2015_Deportivo-La-Coruña_Espanyol, 6, 27/09/2015, 6, 29, 17, 1, 1, 3, 0, 1, 0, H, 48, 52, 14, 7, 5, 3, 11, 11, 3, 5, 0, 1, 7, 5, 5, 2, 2.10, 3.30, 3.75, LAL
3998, 27/09/2015_Getafe_Levante, 6, 27/09/2015, 6, 6, 26, 3, 6, 3, 0, 0, 0, H, 58, 42, 16, 10, 9, 3, 11, 10, 2, 3, 0, 0, 4, 4, 1, 0, 1.95, 3.30, 4.20, LAL
3999, 27/09/2015_Real-Sociedad_Athletic-Club, 6, 27/09/2015, 6, 11, 2, 3, 3, 0, 0, 0, 0, D, 47, 53, 15, 10, 4, 2, 15, 19, 3, 4, 0, 0, 4, 2, 2, 2, 2.40, 3.20, 3.00, LAL
4000, 02/10/2015_Celta-Vigo_Getafe, 6, 02/10/2015, 7, 5, 6, 2, 3, 0, 0, 0, 0, D, 63, 31, 18, 9, 7, 3, 12, 18, 1, 5, 0, 0, 9, 1, 1, 0, 1.44, 4.50, 7.50, LAL
4001, 03/10/2015_Sevilla_Barcelona, 6, 03/10/2015, 7, 12, 4, 3, 2, 2, 1, 0, 0, H, 37, 63, 12, 28, 5, 9, 16, 16, 5, 3, 0, 0, 7, 9, 6, 1, 4.00, 3.60, 1.91, LAL
4002, 03/10/2015_Granada_Deportivo-La-Coruña, 6, 03/10/2015, 7, 21, 29, 3, 1, 1, 1, 0, 1, D, 53, 47, 10, 14, 3, 3, 13, 21, 1, 3, 0, 0, 2, 5, 1, 3, 2.60, 3.20, 2.80, LAL
4003, 03/10/2015_Espanyol_Sporting-Gijón, 6, 03/10/2015, 7, 17, 30, 3, 3, 1, 2, 0, 1, A, 55, 45, 13, 12, 9, 2, 18, 16, 3, 3, 0, 0, 9, 1, 2, 2, 2.00, 3.30, 4.00, LAL
4004, 03/10/2015_Las-Palmas_Eibar, 6, 03/10/2015, 7, 18, 24, 6, 3, 0, 2, 0, 1, A, 62, 38, 18, 9, 4, 4, 5, 16, 2, 2, 0, 0, 3, 1, 1, 2, 2.10, 3.30, 3.75, LAL
4005, 03/10/2015_Málaga_Real-Sociedad, 6, 03/10/2015, 7, 28, 11, 1, 3, 3, 1, 2, 1, H, 36, 64, 11, 13, 7, 5, 15, 16, 5, 2, 1, 0, 2, 4, 2, 4, 2.38, 3.10, 3.30, LAL
4006, 04/10/2015_Rayo-Vallecano_Real-Betis, 6, 04/10/2015, 7, 15, 9, 3, 1, 0, 2, 0, 1, A, 67, 33, 23, 9, 9, 6, 13, 14, 4, 2, 0, 0, 8, 3, 2, 4, 2.20, 3.50, 3.20, LAL
4007, 04/10/2015_Athletic-Club_Valencia, 6, 04/10/2015, 7, 2, 13, 3, 3, 3, 1, 1, 1, H, 50, 50, 16, 9, 7, 4, 12, 9, 0, 3, 0, 0, 10, 4, 3, 3, 2.30, 3.30, 3.20, LAL
4008, 04/10/2015_Levante_Villarreal, 6, 04/10/2015, 7, 26, 16, 6, 1, 1, 0, 0, 0, H, 48, 52, 14, 3, 4, 2, 15, 17, 4, 5, 0, 1, 8, 2, 0, 1, 4.33, 3.40, 1.91, LAL
4009, 04/10/2015_Atlético-Madrid_Real-Madrid, 6, 04/10/2015, 7, 3, 10, 1, 2, 1, 1, 0, 1, D, 46, 54, 18, 9, 4, 2, 19, 12, 6, 4, 0, 0, 5, 1, 1, 0, 3.20, 3.30, 2.30, LAL
4010, 17/10/2015_Real-Madrid_Levante, 6, 17/10/2015, 8, 10, 26, 2, 6, 3, 0, 2, 0, H, 58, 42, 20, 15, 6, 5, 8, 10, 1, 4, 0, 0, 4, 4, 3, 3, 1.08, 12.00, 23.00, LAL
4011, 17/10/2015_Eibar_Sevilla, 6, 17/10/2015, 8, 24, 12, 3, 3, 1, 1, 1, 0, D, 42, 58, 14, 15, 4, 5, 16, 9, 2, 3, 0, 0, 2, 5, 1, 1, 3.60, 3.40, 2.10, LAL
4012, 17/10/2015_Barcelona_Rayo-Vallecano, 6, 17/10/2015, 8, 4, 15, 2, 3, 5, 2, 0, 1, H, 45, 55, 14, 22, 9, 8, 8, 15, 1, 2, 0, 0, 7, 10, 7, 3, 1.14, 9.00, 15.00, LAL
4013, 17/10/2015_Valencia_Málaga, 6, 17/10/2015, 8, 13, 28, 2, 3, 3, 0, 1, 0, H, 50, 51, 7, 10, 3, 3, 18, 21, 3, 3, 0, 0, 6, 8, 4, 1, 1.62, 3.75, 6.00, LAL
4014, 17/10/2015_Real-Betis_Espanyol, 6, 17/10/2015, 8, 9, 17, 3, 3, 1, 3, 0, 1, A, 59, 41, 21, 13, 6, 4, 18, 21, 2, 4, 0, 0, 4, 3, 6, 3, 2.00, 3.30, 4.00, LAL
4015, 18/10/2015_Villarreal_Celta-Vigo, 6, 18/10/2015, 8, 16, 5, 1, 2, 1, 2, 0, 1, A, 33, 67, 12, 13, 3, 2, 10, 12, 3, 3, 1, 0, 7, 4, 0, 2, 2.00, 3.50, 3.75, LAL
4016, 18/10/2015_Real-Sociedad_Atlético-Madrid, 6, 18/10/2015, 8, 11, 3, 3, 1, 0, 2, 0, 1, A, 58, 42, 11, 7, 1, 3, 14, 11, 8, 5, 2, 0, 5, 2, 2, 4, 4.00, 3.20, 2.05, LAL
4017, 18/10/2015_Getafe_Las-Palmas, 6, 18/10/2015, 8, 6, 18, 3, 3, 4, 0, 2, 0, H, 41, 59, 14, 16, 7, 3, 18, 15, 2, 1, 0, 1, 5, 1, 0, 0, 2.15, 3.20, 3.60, LAL
4018, 18/10/2015_Deportivo-La-Coruña_Athletic-Club, 6, 18/10/2015, 8, 29, 2, 3, 3, 2, 2, 0, 1, D, 57, 43, 17, 7, 3, 2, 9, 18, 2, 2, 0, 0, 4, 6, 3, 5, 2.70, 3.10, 2.80, LAL
4019, 19/10/2015_Sporting-Gijón_Granada, 6, 19/10/2015, 8, 30, 21, 3, 2, 3, 3, 1, 2, D, 67, 33, 16, 14, 6, 7, 10, 13, 3, 8, 0, 2, 6, 1, 1, 1, 2.00, 3.20, 4.20, LAL
4020, 23/10/2015_Rayo-Vallecano_Espanyol, 6, 23/10/2015, 9, 15, 17, 3, 3, 3, 0, 0, 0, H, 67, 33, 13, 9, 7, 3, 15, 11, 4, 3, 1, 1, 6, 5, 5, 0, 2.20, 3.40, 3.20, LAL
4021, 24/10/2015_Celta-Vigo_Real-Madrid, 6, 24/10/2015, 9, 5, 10, 2, 2, 1, 3, 0, 2, A, 51, 50, 17, 14, 7, 8, 17, 16, 6, 1, 1, 0, 5, 7, 1, 1, 3.80, 3.80, 1.91, LAL
4022, 24/10/2015_Granada_Real-Betis, 6, 24/10/2015, 9, 21, 9, 2, 1, 1, 1, 1, 0, D, 40, 60, 17, 8, 6, 2, 8, 11, 3, 3, 0, 0, 3, 3, 1, 3, 2.30, 3.25, 3.25, LAL
4023, 24/10/2015_Sevilla_Getafe, 6, 24/10/2015, 9, 12, 6, 3, 3, 5, 0, 2, 0, H, 57, 43, 22, 6, 13, 0, 18, 15, 1, 3, 0, 1, 7, 3, 5, 1, 1.44, 4.33, 8.00, LAL
4024, 24/10/2015_Málaga_Deportivo-La-Coruña, 6, 24/10/2015, 9, 28, 29, 3, 1, 2, 0, 0, 0, H, 49, 51, 9, 10, 4, 1, 11, 10, 0, 1, 0, 0, 3, 5, 1, 5, 2.25, 3.25, 3.40, LAL
4025, 25/10/2015_Levante_Real-Sociedad, 6, 25/10/2015, 9, 26, 11, 6, 3, 0, 4, 0, 2, A, 58, 43, 13, 13, 3, 6, 24, 15, 5, 3, 1, 0, 10, 3, 2, 3, 2.63, 3.20, 2.80, LAL
4026, 25/10/2015_Las-Palmas_Villarreal, 6, 25/10/2015, 9, 18, 16, 12, 1, 0, 0, 0, 0, D, 59, 41, 6, 5, 2, 0, 12, 14, 1, 2, 0, 0, 6, 6, 1, 4, 3.50, 3.25, 2.20, LAL
4027, 25/10/2015_Barcelona_Eibar, 6, 25/10/2015, 9, 4, 24, 2, 3, 3, 1, 1, 1, H, 69, 31, 14, 7, 5, 5, 14, 18, 3, 5, 1, 0, 6, 2, 3, 3, 1.11, 10.00, 19.00, LAL
4028, 25/10/2015_Atlético-Madrid_Valencia, 6, 25/10/2015, 9, 3, 13, 1, 2, 2, 1, 2, 0, H, 50, 50, 16, 6, 8, 1, 26, 10, 4, 4, 0, 0, 9, 2, 1, 0, 1.57, 3.80, 6.50, LAL
4029, 26/10/2015_Athletic-Club_Sporting-Gijón, 6, 26/10/2015, 9, 2, 30, 3, 2, 3, 0, 2, 0, H, 51, 49, 20, 6, 6, 0, 8, 15, 1, 3, 0, 0, 9, 3, 1, 3, 1.53, 4.00, 7.00, LAL
4030, 30/10/2015_Deportivo-La-Coruña_Atlético-Madrid, 6, 30/10/2015, 10, 29, 3, 3, 1, 1, 1, 0, 1, D, 43, 57, 7, 12, 3, 3, 4, 9, 2, 0, 0, 0, 1, 5, 1, 0, 5.50, 3.40, 1.70, LAL
4031, 31/10/2015_Real-Madrid_Las-Palmas, 6, 31/10/2015, 10, 10, 18, 2, 8, 3, 1, 3, 1, H, 53, 48, 17, 8, 11, 5, 12, 9, 0, 3, 0, 0, 6, 3, 6, 0, 1.09, 11.00, 23.00, LAL
4032, 31/10/2015_Valencia_Levante, 6, 31/10/2015, 10, 13, 26, 2, 2, 3, 0, 0, 0, H, 60, 41, 14, 10, 6, 5, 19, 21, 2, 2, 0, 0, 5, 5, 4, 1, 1.44, 4.50, 7.50, LAL
4033, 31/10/2015_Villarreal_Sevilla, 6, 31/10/2015, 10, 16, 12, 1, 3, 2, 1, 1, 0, H, 52, 48, 11, 6, 5, 3, 17, 14, 5, 3, 0, 0, 7, 5, 2, 4, 2.25, 3.40, 3.25, LAL
4034, 31/10/2015_Getafe_Barcelona, 6, 31/10/2015, 10, 6, 4, 1, 2, 0, 2, 0, 1, A, 29, 71, 6, 14, 0, 6, 10, 3, 3, 0, 0, 0, 3, 5, 4, 5, 10.00, 5.75, 1.29, LAL
4035, 31/10/2015_Real-Sociedad_Celta-Vigo, 6, 31/10/2015, 10, 11, 5, 3, 2, 2, 3, 2, 1, A, 42, 58, 20, 16, 5, 8, 10, 13, 2, 4, 0, 0, 8, 7, 1, 4, 2.70, 3.20, 2.75, LAL
4036, 01/11/2015_Eibar_Rayo-Vallecano, 6, 01/11/2015, 10, 24, 15, 3, 3, 1, 0, 0, 0, H, 38, 62, 12, 6, 1, 2, 17, 11, 2, 3, 0, 0, 2, 6, 7, 5, 2.20, 3.40, 3.30, LAL
4037, 01/11/2015_Espanyol_Granada, 6, 01/11/2015, 10, 17, 21, 3, 3, 1, 1, 0, 0, D, 58, 42, 10, 9, 4, 5, 16, 19, 3, 6, 1, 0, 5, 6, 3, 3, 2.00, 3.30, 4.00, LAL
4038, 01/11/2015_Sporting-Gijón_Málaga, 6, 01/11/2015, 10, 30, 28, 3, 3, 1, 0, 1, 0, H, 36, 64, 9, 13, 6, 5, 11, 8, 1, 3, 0, 0, 7, 5, 4, 1, 2.38, 3.20, 3.20, LAL
4039, 01/11/2015_Real-Betis_Athletic-Club, 6, 01/11/2015, 10, 9, 2, 1, 3, 1, 3, 0, 2, A, 53, 48, 11, 23, 3, 9, 9, 13, 2, 4, 0, 0, 7, 9, 4, 3, 3.25, 3.25, 2.30, LAL
4040, 06/11/2015_Las-Palmas_Real-Sociedad, 6, 06/11/2015, 11, 18, 11, 1, 3, 2, 0, 1, 0, H, 46, 54, 8, 11, 4, 6, 17, 14, 1, 4, 0, 0, 0, 8, 4, 1, 2.75, 3.10, 2.75, LAL
4041, 07/11/2015_Celta-Vigo_Valencia, 6, 07/11/2015, 11, 5, 13, 2, 8, 1, 5, 1, 2, A, 61, 40, 17, 9, 3, 5, 16, 27, 1, 3, 0, 0, 15, 5, 5, 1, 1.85, 3.75, 4.20, LAL
4042, 07/11/2015_Levante_Deportivo-La-Coruña, 6, 07/11/2015, 11, 26, 29, 2, 3, 1, 1, 0, 1, D, 54, 46, 15, 9, 5, 5, 13, 10, 4, 2, 0, 0, 9, 5, 5, 0, 2.60, 3.10, 2.90, LAL
4043, 07/11/2015_Rayo-Vallecano_Granada, 6, 07/11/2015, 11, 15, 21, 3, 3, 2, 1, 2, 0, H, 42, 58, 7, 8, 2, 2, 15, 14, 4, 3, 1, 0, 4, 1, 4, 9, 1.95, 3.50, 4.00, LAL
4044, 07/11/2015_Eibar_Getafe, 6, 07/11/2015, 11, 24, 6, 1, 3, 3, 1, 2, 1, H, 44, 56, 16, 10, 7, 4, 13, 9, 3, 1, 0, 1, 5, 7, 4, 0, 2.10, 3.25, 3.75, LAL
4045, 07/11/2015_Málaga_Real-Betis, 6, 07/11/2015, 11, 28, 9, 3, 3, 0, 1, 0, 0, A, 57, 43, 12, 7, 5, 2, 16, 12, 2, 5, 0, 0, 6, 3, 1, 3, 1.95, 3.50, 4.00, LAL
4046, 08/11/2015_Athletic-Club_Espanyol, 6, 08/11/2015, 11, 2, 17, 3, 3, 2, 1, 1, 0, H, 44, 56, 8, 5, 2, 1, 17, 25, 2, 6, 0, 0, 4, 5, 0, 4, 1.44, 4.50, 7.50, LAL
4047, 08/11/2015_Barcelona_Villarreal, 6, 08/11/2015, 11, 4, 16, 2, 7, 3, 0, 0, 0, H, 64, 36, 20, 5, 9, 2, 12, 19, 5, 3, 0, 0, 7, 2, 2, 3, 1.30, 5.50, 10.00, LAL
4048, 08/11/2015_Atlético-Madrid_Sporting-Gijón, 6, 08/11/2015, 11, 3, 30, 1, 3, 1, 0, 0, 0, H, 72, 28, 15, 9, 3, 2, 14, 15, 4, 3, 0, 0, 5, 1, 3, 0, 1.20, 6.50, 17.00, LAL
4049, 08/11/2015_Sevilla_Real-Madrid, 6, 08/11/2015, 11, 12, 10, 3, 2, 3, 2, 1, 1, H, 45, 55, 14, 28, 5, 10, 13, 11, 1, 1, 0, 0, 4, 6, 0, 2, 3.60, 4.00, 1.91, LAL
4050, 21/11/2015_Real-Sociedad_Sevilla, 6, 21/11/2015, 12, 11, 12, 3, 3, 2, 0, 0, 0, H, 61, 39, 14, 13, 7, 5, 6, 14, 2, 1, 0, 0, 7, 5, 2, 2, 2.63, 3.30, 2.70, LAL
4051, 21/11/2015_Real-Madrid_Barcelona, 6, 21/11/2015, 12, 10, 4, 3, 2, 0, 4, 0, 2, A, 41, 59, 13, 18, 7, 7, 13, 10, 3, 2, 1, 0, 10, 3, 3, 0, 2.50, 3.75, 2.80, LAL
4052, 21/11/2015_Espanyol_Málaga, 6, 21/11/2015, 12, 17, 28, 3, 1, 2, 0, 2, 0, H, 42, 59, 7, 14, 3, 5, 20, 16, 5, 2, 0, 0, 3, 8, 2, 4, 2.40, 3.20, 3.10, LAL
4053, 21/11/2015_Valencia_Las-Palmas, 6, 21/11/2015, 12, 13, 18, 2, 3, 1, 1, 1, 0, D, 38, 62, 9, 18, 3, 7, 22, 12, 3, 3, 0, 0, 1, 7, 5, 0, 1.44, 4.20, 7.50, LAL
4054, 21/11/2015_Deportivo-La-Coruña_Celta-Vigo, 6, 21/11/2015, 12, 29, 5, 3, 3, 2, 0, 1, 0, H, 39, 61, 5, 6, 2, 4, 16, 13, 6, 3, 0, 0, 2, 10, 1, 4, 3.30, 3.40, 2.20, LAL
4055, 22/11/2015_Sporting-Gijón_Levante, 6, 22/11/2015, 12, 30, 26, 3, 8, 0, 3, 0, 3, A, 51, 49, 13, 13, 2, 6, 15, 15, 4, 5, 0, 0, 5, 3, 2, 4, 2.20, 3.20, 3.50, LAL
4056, 22/11/2015_Villarreal_Eibar, 6, 22/11/2015, 12, 16, 24, 1, 1, 1, 1, 0, 1, D, 58, 42, 12, 17, 5, 7, 8, 13, 3, 4, 0, 1, 12, 6, 2, 3, 1.53, 4.00, 7.00, LAL
4057, 22/11/2015_Granada_Athletic-Club, 6, 22/11/2015, 12, 21, 2, 3, 3, 2, 0, 0, 0, H, 34, 67, 8, 11, 1, 6, 21, 15, 6, 3, 0, 0, 2, 7, 2, 2, 3.75, 3.30, 2.10, LAL
4058, 22/11/2015_Real-Betis_Atlético-Madrid, 6, 22/11/2015, 12, 9, 3, 3, 2, 0, 1, 0, 1, A, 43, 57, 6, 11, 3, 4, 12, 8, 1, 4, 0, 0, 2, 6, 0, 0, 5.50, 3.80, 1.67, LAL
4059, 23/11/2015_Getafe_Rayo-Vallecano, 6, 23/11/2015, 12, 6, 15, 3, 3, 1, 1, 0, 0, D, 37, 63, 15, 8, 8, 4, 20, 15, 5, 4, 0, 0, 5, 7, 5, 2, 2.40, 3.30, 3.00, LAL
4060, 27/11/2015_Levante_Real-Betis, 6, 27/11/2015, 13, 26, 9, 2, 3, 0, 1, 0, 1, A, 57, 43, 14, 11, 1, 5, 12, 15, 5, 6, 1, 1, 7, 4, 2, 4, 2.05, 3.40, 3.75, LAL
4061, 28/11/2015_Barcelona_Real-Sociedad, 6, 28/11/2015, 13, 4, 11, 2, 1, 4, 0, 2, 0, H, 56, 44, 11, 10, 6, 2, 11, 14, 0, 5, 0, 0, 6, 4, 4, 1, 1.07, 13.00, 23.00, LAL
4062, 28/11/2015_Atlético-Madrid_Espanyol, 6, 28/11/2015, 13, 3, 17, 1, 3, 1, 0, 1, 0, H, 52, 48, 21, 5, 6, 0, 16, 26, 0, 4, 0, 0, 6, 2, 7, 0, 1.22, 6.00, 15.00, LAL
4063, 28/11/2015_Málaga_Granada, 6, 28/11/2015, 13, 28, 21, 3, 3, 2, 2, 1, 0, D, 44, 56, 12, 11, 7, 4, 15, 20, 4, 6, 1, 0, 7, 4, 3, 4, 1.83, 3.40, 4.75, LAL
4064, 28/11/2015_Las-Palmas_Deportivo-La-Coruña, 6, 28/11/2015, 13, 18, 29, 12, 1, 0, 2, 0, 0, A, 67, 33, 8, 10, 5, 5, 14, 13, 4, 3, 0, 0, 6, 4, 5, 6, 2.30, 3.30, 3.20, LAL
4065, 28/11/2015_Celta-Vigo_Sporting-Gijón, 6, 28/11/2015, 13, 5, 30, 2, 3, 2, 1, 1, 0, H, 60, 41, 6, 9, 4, 2, 14, 9, 3, 0, 0, 0, 3, 4, 0, 1, 1.40, 5.00, 7.50, LAL
4066, 29/11/2015_Getafe_Villarreal, 6, 29/11/2015, 13, 6, 16, 1, 2, 2, 0, 1, 0, H, 42, 58, 12, 7, 5, 0, 11, 15, 4, 2, 0, 0, 6, 6, 7, 6, 3.00, 3.30, 2.40, LAL
4067, 29/11/2015_Eibar_Real-Madrid, 6, 29/11/2015, 13, 24, 10, 2, 1, 0, 2, 0, 1, A, 39, 61, 8, 17, 3, 6, 20, 7, 3, 4, 0, 0, 6, 5, 3, 3, 7.50, 5.00, 1.40, LAL
4068, 29/11/2015_Rayo-Vallecano_Athletic-Club, 6, 29/11/2015, 13, 15, 2, 3, 3, 0, 3, 0, 1, A, 67, 33, 15, 10, 3, 4, 16, 14, 4, 0, 0, 1, 6, 2, 3, 5, 3.10, 3.40, 2.30, LAL
4069, 29/11/2015_Sevilla_Valencia, 6, 29/11/2015, 13, 12, 13, 3, 7, 1, 0, 0, 0, H, 62, 38, 15, 0, 5, 0, 26, 20, 3, 6, 0, 2, 17, 0, 0, 2, 1.75, 4.00, 4.33, LAL
4070, 05/12/2015_Real-Madrid_Getafe, 6, 05/12/2015, 14, 10, 6, 2, 8, 4, 1, 4, 0, H, 62, 38, 16, 7, 8, 3, 9, 12, 1, 0, 0, 0, 3, 4, 2, 0, 1.10, 11.00, 21.00, LAL
4071, 05/12/2015_Granada_Atlético-Madrid, 6, 05/12/2015, 14, 21, 3, 2, 2, 0, 2, 0, 1, A, 44, 56, 18, 11, 3, 4, 7, 8, 2, 1, 0, 0, 6, 8, 0, 3, 7.00, 3.75, 1.57, LAL
4072, 05/12/2015_Valencia_Barcelona, 6, 05/12/2015, 14, 13, 4, 2, 2, 1, 1, 0, 0, D, 29, 71, 10, 16, 3, 5, 13, 15, 3, 1, 0, 0, 0, 6, 0, 3, 9.00, 6.00, 1.30, LAL
4073, 05/12/2015_Deportivo-La-Coruña_Sevilla, 6, 05/12/2015, 14, 29, 12, 1, 3, 1, 1, 1, 0, D, 44, 56, 8, 8, 4, 2, 10, 9, 2, 3, 0, 0, 6, 2, 1, 1, 3.00, 3.30, 2.40, LAL
4074, 05/12/2015_Real-Betis_Celta-Vigo, 6, 05/12/2015, 14, 9, 5, 3, 3, 1, 1, 0, 1, D, 60, 40, 28, 5, 6, 1, 9, 16, 5, 4, 0, 1, 8, 0, 2, 3, 3.30, 3.50, 2.15, LAL
4075, 06/12/2015_Real-Sociedad_Eibar, 6, 06/12/2015, 14, 11, 24, 3, 1, 2, 1, 1, 1, H, 65, 35, 10, 5, 7, 1, 12, 16, 3, 3, 0, 0, 4, 3, 1, 4, 1.85, 3.50, 4.50, LAL
4076, 06/12/2015_Villarreal_Rayo-Vallecano, 6, 06/12/2015, 14, 16, 15, 1, 3, 2, 1, 0, 1, H, 46, 54, 14, 8, 5, 4, 16, 14, 1, 4, 0, 0, 5, 4, 4, 6, 1.57, 3.80, 6.50, LAL
4077, 06/12/2015_Sporting-Gijón_Las-Palmas, 6, 06/12/2015, 14, 30, 18, 3, 3, 3, 1, 1, 1, H, 33, 67, 21, 12, 9, 7, 9, 10, 2, 3, 0, 1, 8, 4, 8, 1, 2.30, 3.30, 3.25, LAL
4078, 06/12/2015_Athletic-Club_Málaga, 6, 06/12/2015, 14, 2, 28, 3, 1, 0, 0, 0, 0, D, 45, 55, 11, 7, 2, 2, 7, 21, 2, 3, 1, 0, 6, 1, 5, 3, 1.45, 4.33, 7.50, LAL
4079, 07/12/2015_Espanyol_Levante, 6, 07/12/2015, 14, 17, 26, 3, 2, 1, 1, 0, 1, D, 56, 44, 9, 12, 1, 5, 13, 14, 4, 5, 0, 0, 2, 6, 6, 3, 2.00, 3.50, 3.80, LAL
4080, 11/12/2015_Getafe_Real-Sociedad, 6, 11/12/2015, 15, 6, 11, 1, 3, 1, 1, 0, 0, D, 38, 63, 9, 10, 5, 6, 15, 12, 3, 3, 0, 0, 5, 5, 2, 0, 2.88, 3.20, 2.60, LAL
4081, 12/12/2015_Barcelona_Deportivo-La-Coruña, 6, 12/12/2015, 15, 4, 29, 2, 22, 2, 2, 1, 0, D, 69, 31, 17, 13, 7, 4, 4, 11, 0, 2, 0, 0, 6, 2, 4, 6, 1.07, 13.00, 26.00, LAL
4082, 12/12/2015_Levante_Granada, 6, 12/12/2015, 15, 26, 21, 2, 3, 1, 2, 0, 0, A, 52, 48, 7, 8, 5, 3, 25, 27, 2, 2, 0, 0, 2, 1, 2, 4, 2.10, 3.10, 4.00, LAL
4083, 12/12/2015_Celta-Vigo_Espanyol, 6, 12/12/2015, 15, 5, 17, 3, 1, 1, 0, 1, 0, H, 52, 49, 16, 6, 3, 2, 13, 23, 5, 2, 1, 0, 4, 9, 6, 2, 1.53, 4.33, 6.00, LAL
4084, 12/12/2015_Sevilla_Sporting-Gijón, 6, 12/12/2015, 15, 12, 30, 3, 3, 2, 0, 0, 0, H, 71, 29, 18, 4, 7, 1, 13, 10, 3, 4, 0, 1, 3, 1, 1, 0, 1.36, 5.00, 8.50, LAL
4085, 12/12/2015_Las-Palmas_Real-Betis, 6, 12/12/2015, 15, 18, 9, 12, 1, 1, 0, 0, 0, H, 65, 35, 16, 8, 4, 2, 10, 9, 3, 0, 0, 0, 2, 2, 3, 5, 2.15, 3.30, 3.50, LAL
4086, 13/12/2015_Rayo-Vallecano_Málaga, 6, 13/12/2015, 15, 15, 28, 3, 3, 1, 2, 1, 0, A, 52, 48, 13, 15, 3, 5, 13, 17, 1, 2, 0, 0, 6, 7, 7, 4, 2.30, 3.25, 3.25, LAL
4087, 13/12/2015_Eibar_Valencia, 6, 13/12/2015, 15, 24, 13, 1, 2, 1, 1, 1, 0, D, 51, 49, 14, 6, 5, 1, 20, 14, 4, 4, 1, 1, 9, 2, 3, 0, 2.45, 3.20, 3.00, LAL
4088, 13/12/2015_Atlético-Madrid_Athletic-Club, 6, 13/12/2015, 15, 3, 2, 1, 3, 2, 1, 1, 1, H, 47, 53, 8, 10, 4, 5, 13, 10, 1, 1, 0, 0, 3, 6, 3, 2, 1.57, 3.75, 7.00, LAL
4089, 13/12/2015_Villarreal_Real-Madrid, 6, 13/12/2015, 15, 16, 10, 1, 2, 1, 0, 1, 0, H, 35, 65, 7, 20, 3, 1, 11, 9, 2, 2, 0, 0, 3, 9, 0, 3, 5.00, 4.20, 1.65, LAL
4090, 19/12/2015_Valencia_Getafe, 6, 19/12/2015, 16, 13, 6, 2, 3, 2, 2, 2, 2, D, 61, 39, 12, 9, 7, 3, 13, 20, 2, 6, 0, 0, 5, 1, 2, 1, 1.67, 3.75, 5.50, LAL
4091, 19/12/2015_Espanyol_Las-Palmas, 6, 19/12/2015, 16, 17, 18, 3, 3, 1, 0, 0, 0, H, 48, 52, 12, 9, 2, 4, 29, 21, 4, 4, 0, 0, 7, 5, 3, 2, 2.05, 3.40, 3.75, LAL
4092, 19/12/2015_Real-Betis_Sevilla, 6, 19/12/2015, 16, 9, 12, 3, 3, 0, 0, 0, 0, D, 48, 52, 12, 8, 0, 2, 23, 19, 7, 5, 0, 0, 8, 8, 0, 2, 3.75, 3.50, 2.00, LAL
4093, 19/12/2015_Deportivo-La-Coruña_Eibar, 6, 19/12/2015, 16, 29, 24, 1, 1, 2, 0, 0, 0, H, 50, 50, 13, 13, 3, 1, 10, 11, 2, 2, 1, 0, 9, 8, 0, 4, 2.00, 3.30, 4.00, LAL
4094, 20/12/2015_Real-Madrid_Rayo-Vallecano, 6, 20/12/2015, 16, 10, 15, 2, 3, 10, 2, 3, 2, H, 50, 50, 30, 9, 15, 4, 12, 12, 1, 4, 0, 2, 10, 4, 5, 2, 1.10, 11.00, 21.00, LAL
4095, 20/12/2015_Athletic-Club_Levante, 6, 20/12/2015, 16, 2, 26, 3, 8, 2, 0, 0, 0, H, 53, 47, 18, 6, 7, 1, 15, 17, 0, 5, 0, 0, 10, 3, 0, 0, 1.40, 4.50, 9.00, LAL
4096, 20/12/2015_Real-Sociedad_Villarreal, 6, 20/12/2015, 16, 11, 16, 2, 1, 0, 2, 0, 1, A, 66, 34, 16, 7, 2, 5, 12, 21, 2, 1, 0, 0, 9, 1, 3, 5, 2.40, 3.20, 3.10, LAL
4097, 20/12/2015_Granada_Celta-Vigo, 6, 20/12/2015, 16, 21, 5, 2, 3, 0, 2, 0, 2, A, 49, 51, 11, 10, 1, 4, 17, 11, 4, 2, 0, 0, 9, 3, 1, 1, 3.20, 3.30, 2.30, LAL
4098, 20/12/2015_Málaga_Atlético-Madrid, 6, 20/12/2015, 16, 28, 3, 1, 8, 1, 0, 0, 0, H, 61, 39, 17, 6, 4, 3, 9, 13, 3, 6, 0, 1, 4, 1, 0, 1, 5.25, 3.50, 1.75, LAL
4099, 30/12/2015_Real-Madrid_Real-Sociedad, 6, 30/12/2015, 17, 10, 11, 2, 3, 3, 1, 0, 0, H, 50, 50, 23, 13, 13, 2, 12, 9, 1, 3, 0, 0, 13, 2, 1, 1, 1.10, 10.00, 19.00, LAL
4100, 30/12/2015_Levante_Málaga, 6, 30/12/2015, 17, 26, 28, 2, 1, 0, 1, 0, 0, A, 43, 57, 7, 10, 1, 6, 21, 13, 7, 5, 0, 0, 6, 5, 1, 2, 2.75, 3.00, 2.75, LAL
4101, 30/12/2015_Sevilla_Espanyol, 6, 30/12/2015, 17, 12, 17, 3, 3, 2, 0, 2, 0, H, 43, 57, 15, 12, 10, 1, 15, 16, 3, 3, 0, 0, 5, 6, 3, 2, 1.40, 4.75, 7.00, LAL
4102, 30/12/2015_Rayo-Vallecano_Atlético-Madrid, 6, 30/12/2015, 17, 15, 3, 30, 2, 0, 2, 0, 0, A, 58, 42, 10, 17, 3, 6, 12, 15, 2, 3, 0, 0, 3, 8, 1, 6, 6.50, 3.80, 1.53, LAL
4103, 30/12/2015_Eibar_Sporting-Gijón, 6, 30/12/2015, 17, 24, 30, 3, 3, 2, 0, 0, 0, H, 55, 45, 15, 6, 5, 0, 16, 17, 3, 3, 0, 0, 5, 7, 3, 2, 1.85, 3.50, 4.20, LAL
4104, 30/12/2015_Las-Palmas_Granada, 6, 30/12/2015, 17, 18, 21, 3, 8, 4, 1, 1, 0, H, 60, 40, 7, 12, 4, 5, 5, 21, 3, 6, 0, 1, 4, 4, 2, 5, 2.00, 3.30, 3.75, LAL
4105, 30/12/2015_Getafe_Deportivo-La-Coruña, 6, 30/12/2015, 17, 6, 29, 3, 3, 0, 0, 0, 0, D, 51, 49, 15, 10, 5, 3, 9, 8, 3, 1, 0, 0, 9, 2, 3, 1, 2.50, 3.20, 2.88, LAL
4106, 30/12/2015_Barcelona_Real-Betis, 6, 30/12/2015, 17, 4, 9, 2, 1, 4, 0, 1, 0, H, 63, 38, 16, 11, 7, 4, 16, 20, 1, 3, 0, 0, 2, 3, 4, 0, 1.06, 13.00, 26.00, LAL
4107, 30/12/2015_Celta-Vigo_Athletic-Club, 6, 30/12/2015, 17, 5, 2, 2, 3, 0, 1, 0, 0, A, 65, 36, 7, 13, 3, 5, 11, 11, 3, 4, 0, 0, 3, 3, 1, 2, 2.38, 3.30, 2.90, LAL
4108, 31/12/2015_Villarreal_Valencia, 6, 31/12/2015, 17, 16, 13, 1, 6, 1, 0, 0, 0, H, 52, 48, 9, 6, 3, 2, 21, 19, 1, 3, 0, 0, 3, 6, 3, 2, 1.80, 3.50, 4.50, LAL
4109, 02/01/2016_Espanyol_Barcelona, 6, 02/01/2016, 18, 17, 4, 3, 2, 0, 0, 0, 0, D, 27, 73, 4, 10, 1, 2, 22, 10, 5, 3, 0, 0, 6, 10, 1, 6, 14.00, 7.00, 1.20, LAL
4110, 02/01/2016_Atlético-Madrid_Levante, 6, 02/01/2016, 18, 3, 26, 2, 8, 1, 0, 0, 0, H, 56, 44, 16, 9, 2, 1, 12, 14, 0, 4, 0, 0, 13, 1, 5, 0, 1.20, 6.50, 17.00, LAL
4111, 02/01/2016_Málaga_Celta-Vigo, 6, 02/01/2016, 18, 28, 5, 1, 3, 2, 0, 2, 0, H, 49, 51, 14, 8, 4, 1, 22, 11, 4, 2, 0, 1, 5, 2, 0, 3, 2.40, 3.30, 3.00, LAL
4112, 03/01/2016_Rayo-Vallecano_Real-Sociedad, 6, 03/01/2016, 18, 15, 11, 3, 3, 2, 2, 1, 1, D, 44, 56, 14, 15, 5, 7, 15, 12, 3, 3, 0, 0, 7, 7, 8, 3, 2.63, 3.30, 2.75, LAL
4113, 03/01/2016_Real-Betis_Eibar, 6, 03/01/2016, 18, 9, 24, 3, 3, 0, 4, 0, 2, A, 59, 41, 10, 6, 6, 5, 16, 14, 4, 3, 0, 0, 6, 2, 3, 2, 2.40, 3.25, 3.10, LAL
4114, 03/01/2016_Granada_Sevilla, 6, 03/01/2016, 18, 21, 12, 27, 1, 2, 1, 2, 1, H, 39, 61, 9, 14, 4, 6, 17, 13, 2, 3, 0, 1, 2, 9, 0, 4, 4.33, 3.60, 1.85, LAL
4115, 03/01/2016_Deportivo-La-Coruña_Villarreal, 6, 03/01/2016, 18, 29, 16, 3, 1, 1, 2, 0, 1, A, 54, 46, 11, 6, 4, 4, 13, 11, 3, 3, 0, 0, 9, 3, 2, 1, 2.70, 3.20, 2.70, LAL
4116, 03/01/2016_Athletic-Club_Las-Palmas, 6, 03/01/2016, 18, 2, 18, 3, 3, 2, 2, 0, 0, D, 41, 59, 15, 12, 5, 5, 24, 13, 3, 4, 0, 0, 5, 5, 4, 3, 1.36, 5.00, 8.50, LAL
4117, 03/01/2016_Valencia_Real-Madrid, 6, 03/01/2016, 18, 13, 10, 2, 2, 2, 2, 0, 1, D, 47, 53, 12, 17, 4, 4, 18, 17, 1, 1, 0, 1, 4, 7, 0, 2, 6.00, 4.33, 1.53, LAL
4118, 04/01/2016_Sporting-Gijón_Getafe, 6, 04/01/2016, 18, 30, 6, 1, 3, 1, 2, 1, 0, A, 46, 54, 17, 11, 4, 2, 13, 14, 2, 3, 0, 0, 4, 2, 4, 1, 2.25, 3.30, 3.30, LAL
4119, 09/01/2016_Barcelona_Granada, 6, 09/01/2016, 19, 4, 21, 2, 6, 4, 0, 2, 0, H, 67, 34, 17, 8, 8, 4, 14, 19, 1, 4, 0, 0, 7, 0, 1, 3, 1.05, 15.00, 34.00, LAL
4120, 09/01/2016_Sevilla_Athletic-Club, 6, 09/01/2016, 19, 12, 2, 3, 3, 2, 0, 1, 0, H, 49, 51, 4, 11, 4, 3, 14, 13, 2, 3, 0, 0, 6, 8, 5, 4, 2.10, 3.50, 3.50, LAL
4121, 09/01/2016_Getafe_Real-Betis, 6, 09/01/2016, 19, 6, 9, 3, 1, 1, 0, 0, 0, H, 53, 48, 9, 11, 3, 2, 19, 12, 1, 3, 0, 0, 8, 4, 4, 1, 1.95, 3.50, 4.00, LAL
4122, 09/01/2016_Real-Madrid_Deportivo-La-Coruña, 6, 09/01/2016, 19, 10, 29, 3, 3, 5, 0, 2, 0, H, 53, 47, 23, 18, 9, 4, 9, 8, 0, 3, 0, 0, 5, 9, 3, 2, 1.11, 9.00, 21.00, LAL
4123, 09/01/2016_Levante_Rayo-Vallecano, 6, 09/01/2016, 19, 26, 15, 2, 1, 2, 1, 0, 0, H, 44, 56, 10, 10, 4, 4, 16, 15, 5, 1, 0, 0, 5, 5, 4, 3, 2.15, 3.40, 3.40, LAL
4124, 10/01/2016_Villarreal_Sporting-Gijón, 6, 10/01/2016, 19, 16, 30, 1, 3, 2, 0, 1, 0, H, 49, 51, 7, 12, 4, 2, 10, 12, 4, 2, 0, 0, 3, 9, 1, 3, 1.50, 4.33, 6.50, LAL
4125, 10/01/2016_Real-Sociedad_Valencia, 6, 10/01/2016, 19, 11, 13, 2, 1, 2, 0, 0, 0, H, 50, 50, 24, 10, 7, 3, 16, 13, 3, 4, 0, 0, 5, 6, 0, 6, 2.25, 3.30, 3.30, LAL
4126, 10/01/2016_Las-Palmas_Málaga, 6, 10/01/2016, 19, 18, 28, 3, 1, 1, 1, 0, 0, D, 59, 41, 5, 11, 3, 3, 21, 11, 5, 4, 0, 0, 2, 5, 0, 1, 2.70, 3.10, 2.80, LAL
4127, 10/01/2016_Eibar_Espanyol, 6, 10/01/2016, 19, 24, 17, 1, 3, 2, 1, 1, 1, H, 52, 48, 20, 7, 6, 4, 13, 15, 3, 2, 0, 0, 8, 2, 2, 5, 2.00, 3.30, 4.00, LAL
4128, 10/01/2016_Celta-Vigo_Atlético-Madrid, 6, 10/01/2016, 19, 5, 3, 3, 1, 0, 2, 0, 0, A, 56, 44, 6, 10, 1, 3, 14, 14, 2, 1, 0, 0, 4, 4, 0, 1, 4.50, 3.50, 1.80, LAL
4129, 16/01/2016_Sevilla_Málaga, 6, 16/01/2016, 20, 12, 28, 3, 1, 2, 1, 2, 0, H, 54, 47, 8, 14, 4, 3, 21, 21, 4, 4, 1, 1, 6, 4, 5, 0, 1.67, 3.80, 5.25, LAL
4130, 16/01/2016_Celta-Vigo_Levante, 6, 16/01/2016, 20, 5, 26, 3, 8, 4, 3, 2, 0, H, 57, 43, 14, 17, 6, 7, 14, 16, 1, 4, 0, 0, 6, 2, 5, 1, 1.62, 3.80, 6.00, LAL
4131, 16/01/2016_Villarreal_Real-Betis, 6, 16/01/2016, 20, 16, 9, 1, 3, 0, 0, 0, 0, D, 50, 50, 9, 15, 2, 2, 12, 11, 2, 1, 0, 0, 7, 11, 0, 3, 1.45, 4.33, 8.00, LAL
4132, 16/01/2016_Real-Sociedad_Deportivo-La-Coruña, 6, 16/01/2016, 20, 11, 29, 3, 3, 1, 1, 0, 1, D, 64, 36, 16, 7, 6, 4, 9, 11, 1, 3, 0, 0, 9, 4, 4, 5, 1.95, 3.30, 4.20, LAL
4133, 17/01/2016_Valencia_Rayo-Vallecano, 6, 17/01/2016, 20, 13, 15, 8, 3, 2, 2, 0, 1, D, 51, 49, 13, 18, 5, 8, 17, 20, 1, 3, 0, 0, 7, 9, 5, 0, 1.62, 4.00, 5.50, LAL
4134, 17/01/2016_Real-Madrid_Sporting-Gijón, 6, 17/01/2016, 20, 10, 30, 2, 3, 5, 1, 5, 0, H, 67, 33, 17, 9, 9, 2, 10, 15, 1, 1, 0, 0, 4, 4, 5, 1, 1.05, 17.00, 26.00, LAL
4135, 17/01/2016_Las-Palmas_Atlético-Madrid, 6, 17/01/2016, 20, 18, 3, 3, 3, 0, 3, 0, 1, A, 59, 41, 11, 11, 3, 5, 7, 21, 0, 2, 0, 0, 3, 4, 0, 1, 6.50, 3.60, 1.62, LAL
4136, 17/01/2016_Getafe_Espanyol, 6, 17/01/2016, 20, 6, 17, 3, 3, 3, 1, 2, 1, H, 37, 64, 18, 13, 4, 6, 12, 13, 2, 2, 0, 0, 3, 7, 1, 3, 2.20, 3.20, 3.50, LAL
4137, 17/01/2016_Barcelona_Athletic-Club, 6, 17/01/2016, 20, 4, 2, 2, 3, 6, 0, 1, 0, H, 77, 24, 20, 9, 8, 3, 6, 7, 2, 2, 0, 1, 6, 2, 4, 1, 1.14, 8.00, 19.00, LAL
4138, 18/01/2016_Eibar_Granada, 6, 18/01/2016, 20, 24, 21, 1, 2, 5, 1, 2, 0, H, 54, 46, 12, 4, 7, 1, 11, 17, 1, 4, 0, 0, 3, 2, 3, 3, 1.83, 3.50, 4.50, LAL
4139, 22/01/2016_Sporting-Gijón_Real-Sociedad, 6, 22/01/2016, 21, 30, 11, 3, 2, 5, 1, 3, 1, H, 43, 57, 11, 9, 7, 3, 13, 12, 2, 2, 0, 0, 6, 2, 3, 1, 3.10, 3.20, 2.45, LAL
4140, 23/01/2016_Málaga_Barcelona, 6, 23/01/2016, 21, 28, 4, 1, 2, 1, 2, 1, 1, A, 34, 66, 15, 12, 9, 6, 16, 9, 3, 3, 0, 0, 4, 3, 1, 4, 8.50, 5.50, 1.33, LAL
4141, 23/01/2016_Espanyol_Villarreal, 6, 23/01/2016, 21, 17, 16, 3, 1, 2, 2, 2, 1, D, 45, 55, 11, 14, 5, 5, 12, 15, 5, 1, 1, 0, 3, 9, 1, 4, 2.90, 3.20, 2.55, LAL
4142, 23/01/2016_Granada_Getafe, 6, 23/01/2016, 21, 21, 6, 3, 3, 3, 2, 2, 0, H, 50, 50, 20, 9, 9, 2, 12, 16, 2, 2, 0, 0, 5, 3, 4, 0, 2.63, 3.10, 2.88, LAL
4143, 23/01/2016_Rayo-Vallecano_Celta-Vigo, 6, 23/01/2016, 21, 15, 5, 3, 3, 3, 0, 3, 0, H, 56, 44, 26, 3, 10, 1, 20, 13, 3, 4, 0, 0, 7, 1, 1, 5, 2.70, 3.40, 2.63, LAL
4144, 24/01/2016_Athletic-Club_Eibar, 6, 24/01/2016, 21, 2, 24, 3, 1, 5, 2, 3, 1, H, 55, 45, 10, 9, 5, 2, 13, 14, 2, 2, 0, 0, 7, 2, 2, 1, 1.67, 3.75, 5.50, LAL
4145, 24/01/2016_Atlético-Madrid_Sevilla, 6, 24/01/2016, 21, 3, 12, 1, 3, 0, 0, 0, 0, D, 70, 30, 20, 7, 3, 1, 13, 13, 5, 5, 0, 1, 8, 5, 2, 1, 1.67, 3.50, 6.00, LAL
4146, 24/01/2016_Deportivo-La-Coruña_Valencia, 6, 24/01/2016, 21, 29, 13, 3, 3, 1, 1, 1, 0, D, 48, 52, 10, 10, 2, 3, 13, 9, 3, 2, 0, 0, 8, 6, 6, 5, 2.25, 3.30, 3.30, LAL
4147, 24/01/2016_Real-Betis_Real-Madrid, 6, 24/01/2016, 21, 9, 10, 3, 2, 1, 1, 1, 0, D, 36, 64, 4, 18, 2, 8, 17, 13, 3, 2, 0, 0, 1, 9, 0, 4, 9.50, 5.75, 1.30, LAL
4148, 25/01/2016_Levante_Las-Palmas, 6, 25/01/2016, 21, 26, 18, 2, 3, 3, 2, 1, 0, H, 30, 70, 12, 13, 8, 4, 22, 11, 4, 4, 1, 0, 2, 4, 1, 1, 2.38, 3.10, 3.25, LAL
4149, 30/01/2016_Barcelona_Atlético-Madrid, 6, 30/01/2016, 22, 4, 3, 2, 12, 2, 1, 2, 1, H, 71, 29, 10, 7, 4, 4, 7, 18, 0, 5, 0, 2, 8, 6, 3, 2, 1.50, 4.20, 7.00, LAL
4150, 30/01/2016_Eibar_Málaga, 6, 30/01/2016, 22, 24, 28, 1, 1, 1, 2, 0, 1, A, 57, 43, 11, 7, 3, 4, 9, 15, 1, 3, 0, 0, 1, 2, 1, 3, 2.38, 3.25, 3.00, LAL
4151, 30/01/2016_Getafe_Athletic-Club, 6, 30/01/2016, 22, 6, 2, 3, 3, 0, 1, 0, 1, A, 58, 42, 12, 12, 3, 3, 13, 18, 4, 5, 1, 0, 7, 5, 1, 2, 3.40, 3.30, 2.20, LAL
4152, 30/01/2016_Villarreal_Granada, 6, 30/01/2016, 22, 16, 21, 1, 3, 1, 0, 0, 0, H, 56, 44, 12, 7, 7, 2, 10, 11, 4, 3, 0, 0, 8, 0, 5, 1, 1.44, 4.50, 7.50, LAL
4153, 30/01/2016_Real-Sociedad_Real-Betis, 6, 30/01/2016, 22, 11, 9, 3, 3, 2, 1, 2, 0, H, 46, 54, 11, 8, 4, 1, 13, 9, 1, 4, 0, 0, 3, 4, 5, 3, 1.67, 3.75, 5.50, LAL
4154, 31/01/2016_Sevilla_Levante, 6, 31/01/2016, 22, 12, 26, 3, 2, 3, 1, 1, 0, H, 47, 53, 14, 22, 8, 4, 8, 8, 1, 1, 0, 0, 5, 9, 6, 1, 1.33, 5.00, 10.00, LAL
4155, 31/01/2016_Valencia_Sporting-Gijón, 6, 31/01/2016, 22, 13, 30, 2, 3, 0, 1, 0, 0, A, 63, 37, 15, 7, 3, 3, 15, 21, 0, 2, 0, 0, 6, 3, 1, 2, 1.75, 3.75, 4.75, LAL
4156, 31/01/2016_Las-Palmas_Celta-Vigo, 6, 31/01/2016, 22, 18, 5, 3, 3, 2, 1, 0, 1, H, 58, 42, 13, 5, 5, 2, 13, 18, 6, 5, 0, 1, 7, 3, 1, 2, 2.38, 3.30, 3.10, LAL
4157, 31/01/2016_Real-Madrid_Espanyol, 6, 31/01/2016, 22, 10, 17, 2, 3, 6, 0, 3, 0, H, 68, 32, 18, 15, 7, 5, 20, 20, 1, 5, 0, 0, 3, 1, 5, 2, 1.10, 11.00, 21.00, LAL
4158, 01/02/2016_Deportivo-La-Coruña_Rayo-Vallecano, 6, 01/02/2016, 22, 29, 15, 3, 3, 2, 2, 1, 2, D, 52, 48, 17, 7, 5, 3, 6, 15, 0, 0, 0, 0, 5, 4, 4, 4, 1.91, 3.60, 4.00, LAL
4159, 05/02/2016_Málaga_Getafe, 6, 05/02/2016, 23, 28, 6, 1, 3, 3, 0, 3, 0, H, 45, 55, 8, 6, 4, 2, 10, 10, 3, 3, 0, 0, 4, 6, 2, 2, 1.57, 3.75, 6.50, LAL
4160, 06/02/2016_Atlético-Madrid_Eibar, 6, 06/02/2016, 23, 3, 24, 1, 8, 3, 1, 0, 0, H, 53, 47, 13, 6, 4, 2, 15, 18, 2, 3, 0, 0, 5, 2, 5, 3, 1.36, 4.50, 9.50, LAL
4161, 06/02/2016_Rayo-Vallecano_Las-Palmas, 6, 06/02/2016, 23, 15, 18, 3, 12, 2, 0, 1, 0, H, 51, 49, 18, 9, 8, 4, 16, 15, 3, 1, 0, 0, 5, 5, 3, 4, 1.91, 3.60, 4.00, LAL
4162, 06/02/2016_Athletic-Club_Villarreal, 6, 06/02/2016, 23, 2, 16, 3, 1, 0, 0, 0, 0, D, 61, 39, 10, 2, 1, 2, 19, 20, 6, 6, 1, 1, 5, 3, 3, 2, 1.83, 3.60, 4.50, LAL
4163, 06/02/2016_Sporting-Gijón_Deportivo-La-Coruña, 6, 06/02/2016, 23, 30, 29, 3, 3, 1, 1, 1, 1, D, 45, 55, 11, 5, 2, 4, 10, 13, 2, 2, 0, 0, 4, 3, 5, 2, 2.50, 3.25, 2.90, LAL
4164, 07/02/2016_Levante_Barcelona, 6, 07/02/2016, 23, 26, 4, 2, 2, 0, 2, 0, 0, A, 30, 70, 11, 11, 3, 4, 16, 10, 4, 3, 0, 0, 2, 5, 3, 3, 15.00, 7.50, 1.18, LAL
4165, 07/02/2016_Real-Betis_Valencia, 6, 07/02/2016, 23, 9, 13, 1, 3, 1, 0, 0, 0, H, 44, 56, 6, 7, 2, 2, 17, 19, 4, 7, 0, 1, 4, 5, 2, 6, 2.63, 3.10, 2.88, LAL
4166, 07/02/2016_Celta-Vigo_Sevilla, 6, 07/02/2016, 23, 5, 12, 3, 3, 1, 1, 0, 1, D, 74, 26, 25, 9, 5, 2, 15, 17, 3, 5, 0, 1, 10, 5, 2, 0, 3.20, 3.30, 2.30, LAL
4167, 07/02/2016_Granada_Real-Madrid, 6, 07/02/2016, 23, 21, 10, 3, 2, 1, 2, 0, 1, A, 36, 64, 14, 14, 2, 4, 20, 8, 3, 2, 0, 0, 3, 6, 3, 2, 12.00, 6.00, 1.25, LAL
4168, 08/02/2016_Espanyol_Real-Sociedad, 6, 08/02/2016, 23, 17, 11, 3, 8, 0, 5, 0, 2, A, 65, 35, 5, 12, 1, 6, 13, 11, 1, 2, 0, 0, 4, 5, 2, 0, 2.70, 3.10, 2.80, LAL
4169, 12/02/2016_Sporting-Gijón_Rayo-Vallecano, 6, 12/02/2016, 24, 30, 15, 3, 3, 2, 2, 2, 1, D, 38, 62, 11, 15, 5, 4, 14, 12, 3, 4, 0, 0, 3, 7, 1, 5, 2.38, 3.40, 3.00, LAL
4170, 13/02/2016_Real-Madrid_Athletic-Club, 6, 13/02/2016, 24, 10, 2, 2, 3, 4, 2, 3, 1, H, 60, 40, 19, 10, 9, 3, 6, 8, 3, 2, 1, 0, 5, 2, 10, 0, 1.29, 6.00, 9.50, LAL
4171, 13/02/2016_Villarreal_Málaga, 6, 13/02/2016, 24, 16, 28, 1, 1, 1, 0, 1, 0, H, 51, 49, 12, 7, 5, 2, 13, 15, 2, 1, 0, 0, 5, 1, 2, 3, 2.05, 3.30, 3.80, LAL
4172, 13/02/2016_Valencia_Espanyol, 6, 13/02/2016, 24, 13, 17, 3, 1, 2, 1, 0, 0, H, 58, 42, 17, 20, 4, 6, 8, 19, 1, 3, 0, 0, 9, 9, 2, 0, 1.75, 3.60, 5.00, LAL
4173, 13/02/2016_Deportivo-La-Coruña_Real-Betis, 6, 13/02/2016, 24, 29, 9, 3, 1, 2, 2, 1, 2, D, 56, 44, 25, 4, 11, 2, 14, 13, 1, 0, 0, 0, 11, 0, 3, 3, 1.80, 3.50, 4.75, LAL
4174, 14/02/2016_Real-Sociedad_Granada, 6, 14/02/2016, 24, 11, 21, 3, 3, 3, 0, 2, 0, H, 49, 52, 12, 15, 6, 2, 9, 18, 1, 2, 0, 0, 7, 13, 3, 3, 1.53, 4.00, 6.50, LAL
4175, 14/02/2016_Sevilla_Las-Palmas, 6, 14/02/2016, 24, 12, 18, 3, 8, 2, 0, 0, 0, H, 53, 47, 9, 11, 5, 3, 15, 11, 1, 3, 0, 0, 8, 3, 10, 1, 1.33, 5.00, 10.00, LAL
4176, 14/02/2016_Getafe_Atlético-Madrid, 6, 14/02/2016, 24, 6, 3, 8, 2, 0, 1, 0, 1, A, 56, 44, 11, 6, 0, 3, 9, 9, 2, 3, 0, 0, 5, 5, 0, 0, 6.50, 3.80, 1.57, LAL
4177, 14/02/2016_Eibar_Levante, 6, 14/02/2016, 24, 24, 26, 3, 1, 2, 0, 1, 0, H, 47, 53, 16, 8, 7, 3, 16, 12, 3, 2, 0, 0, 8, 2, 3, 1, 1.80, 3.50, 4.75, LAL
4178, 14/02/2016_Barcelona_Celta-Vigo, 6, 14/02/2016, 24, 4, 5, 2, 2, 6, 1, 1, 0, H, 64, 37, 20, 10, 11, 4, 10, 16, 0, 4, 0, 0, 1, 1, 2, 0, 1.08, 11.00, 26.00, LAL
4179, 17/02/2016_Sporting-Gijón_Barcelona, 6, 17/02/2016, 16, 30, 4, 3, 2, 1, 3, 1, 2, A, 22, 78, 6, 17, 2, 8, 11, 7, 2, 1, 0, 0, 1, 4, 0, 2, 19.00, 8.00, 1.14, LAL
4180, 19/02/2016_Levante_Getafe, 6, 19/02/2016, 25, 26, 6, 1, 3, 3, 0, 1, 0, H, 47, 53, 12, 14, 6, 6, 12, 13, 2, 2, 0, 0, 6, 8, 4, 6, 2.20, 3.30, 3.40, LAL
4181, 20/02/2016_Las-Palmas_Barcelona, 6, 20/02/2016, 25, 18, 4, 8, 2, 1, 2, 1, 2, A, 47, 53, 16, 12, 3, 7, 10, 13, 1, 2, 0, 0, 3, 6, 3, 6, 15.00, 7.50, 1.18, LAL
4182, 20/02/2016_Espanyol_Deportivo-La-Coruña, 6, 20/02/2016, 25, 17, 29, 3, 2, 1, 0, 0, 0, H, 38, 62, 16, 17, 9, 3, 19, 4, 3, 1, 0, 0, 7, 4, 4, 1, 2.38, 3.30, 3.00, LAL
4183, 20/02/2016_Real-Betis_Sporting-Gijón, 6, 20/02/2016, 25, 9, 30, 1, 3, 1, 1, 0, 0, D, 54, 46, 18, 4, 6, 3, 15, 25, 2, 3, 0, 0, 10, 4, 3, 0, 2.05, 3.30, 3.80, LAL
4184, 20/02/2016_Celta-Vigo_Eibar, 6, 20/02/2016, 25, 5, 24, 2, 3, 3, 2, 2, 0, H, 64, 37, 14, 7, 9, 3, 6, 25, 3, 2, 0, 0, 6, 1, 5, 0, 2.00, 3.50, 3.80, LAL
4185, 21/02/2016_Rayo-Vallecano_Sevilla, 6, 21/02/2016, 25, 15, 12, 3, 3, 2, 2, 1, 2, D, 62, 38, 14, 14, 5, 7, 14, 23, 6, 2, 0, 0, 3, 17, 0, 5, 3.10, 3.60, 2.20, LAL
4186, 21/02/2016_Málaga_Real-Madrid, 6, 21/02/2016, 25, 28, 10, 1, 2, 1, 1, 0, 1, D, 38, 62, 11, 14, 5, 7, 14, 12, 5, 2, 0, 0, 6, 6, 3, 5, 4.75, 3.80, 1.73, LAL
4187, 21/02/2016_Granada_Valencia, 6, 21/02/2016, 25, 21, 13, 3, 3, 1, 2, 0, 0, A, 54, 46, 15, 10, 4, 6, 18, 18, 2, 3, 0, 0, 6, 3, 3, 1, 2.88, 3.20, 2.55, LAL
4188, 21/02/2016_Athletic-Club_Real-Sociedad, 6, 21/02/2016, 25, 2, 11, 3, 2, 0, 1, 0, 1, A, 61, 40, 9, 9, 2, 4, 21, 16, 6, 6, 0, 0, 9, 3, 4, 4, 1.80, 3.50, 4.75, LAL
4189, 21/02/2016_Atlético-Madrid_Villarreal, 6, 21/02/2016, 25, 3, 16, 1, 1, 0, 0, 0, 0, D, 60, 40, 13, 5, 4, 0, 11, 13, 2, 2, 0, 0, 10, 2, 1, 1, 1.53, 3.80, 7.50, LAL
4190, 26/02/2016_Eibar_Las-Palmas, 6, 26/02/2016, 26, 24, 18, 1, 8, 0, 1, 0, 1, A, 51, 49, 10, 12, 4, 4, 16, 9, 4, 1, 0, 0, 6, 6, 0, 3, 1.75, 3.60, 5.00, LAL
4191, 27/02/2016_Real-Madrid_Atlético-Madrid, 6, 27/02/2016, 26, 10, 3, 2, 1, 0, 1, 0, 0, A, 69, 31, 15, 9, 3, 5, 15, 13, 3, 4, 0, 0, 2, 5, 1, 2, 1.73, 3.60, 5.25, LAL
4192, 27/02/2016_Sporting-Gijón_Espanyol, 6, 27/02/2016, 26, 30, 17, 1, 2, 2, 4, 1, 1, A, 54, 46, 13, 12, 5, 7, 14, 14, 5, 2, 1, 0, 5, 2, 0, 1, 2.30, 3.20, 3.30, LAL
4193, 27/02/2016_Getafe_Celta-Vigo, 6, 27/02/2016, 26, 6, 5, 3, 3, 0, 1, 0, 0, A, 52, 48, 14, 9, 2, 3, 11, 15, 3, 4, 0, 0, 4, 5, 0, 1, 3.20, 3.30, 2.30, LAL
4194, 27/02/2016_Real-Betis_Rayo-Vallecano, 6, 27/02/2016, 26, 9, 15, 1, 3, 2, 2, 2, 0, D, 40, 60, 20, 11, 4, 4, 16, 15, 2, 3, 0, 0, 8, 8, 2, 3, 2.20, 3.30, 3.40, LAL
4195, 27/02/2016_Real-Sociedad_Málaga, 6, 27/02/2016, 26, 11, 28, 3, 1, 1, 1, 0, 0, D, 58, 42, 10, 8, 3, 3, 17, 14, 4, 5, 0, 0, 8, 3, 2, 3, 2.20, 3.25, 3.50, LAL
4196, 28/02/2016_Villarreal_Levante, 6, 28/02/2016, 26, 16, 26, 1, 1, 3, 0, 2, 0, H, 51, 49, 9, 7, 3, 1, 15, 12, 0, 4, 0, 1, 3, 4, 4, 0, 1.67, 3.60, 5.75, LAL
4197, 28/02/2016_Valencia_Athletic-Club, 6, 28/02/2016, 26, 13, 2, 8, 3, 0, 3, 0, 0, A, 51, 49, 9, 13, 3, 4, 9, 13, 2, 0, 0, 0, 7, 7, 4, 0, 2.30, 3.20, 3.30, LAL
4198, 28/02/2016_Deportivo-La-Coruña_Granada, 6, 28/02/2016, 26, 29, 21, 2, 1, 0, 1, 0, 0, A, 65, 35, 14, 10, 2, 3, 12, 12, 2, 3, 1, 0, 6, 6, 1, 5, 1.80, 3.50, 4.75, LAL
4199, 28/02/2016_Barcelona_Sevilla, 6, 28/02/2016, 26, 4, 12, 2, 3, 2, 1, 1, 1, H, 68, 32, 17, 11, 8, 4, 13, 10, 3, 2, 0, 0, 6, 7, 2, 0, 1.14, 8.00, 15.00, LAL
4200, 01/03/2016_Las-Palmas_Getafe, 6, 01/03/2016, 27, 18, 6, 8, 3, 4, 0, 1, 0, H, 57, 43, 11, 10, 5, 2, 20, 12, 5, 4, 0, 1, 2, 6, 1, 2, 2.05, 3.40, 3.75, LAL
4201, 01/03/2016_Atlético-Madrid_Real-Sociedad, 6, 01/03/2016, 27, 3, 11, 1, 2, 3, 0, 0, 0, H, 53, 47, 12, 7, 5, 1, 19, 10, 1, 2, 0, 0, 8, 1, 4, 1, 1.40, 4.33, 9.00, LAL
4202, 02/03/2016_Sevilla_Eibar, 6, 02/03/2016, 27, 12, 24, 3, 1, 1, 0, 1, 0, H, 53, 47, 14, 11, 4, 6, 12, 13, 1, 4, 0, 1, 12, 6, 3, 4, 1.40, 4.75, 8.00, LAL
4203, 02/03/2016_Athletic-Club_Deportivo-La-Coruña, 6, 02/03/2016, 27, 2, 29, 3, 1, 4, 1, 2, 0, H, 55, 45, 13, 8, 6, 4, 5, 14, 1, 3, 0, 0, 1, 2, 3, 3, 1.53, 4.00, 7.00, LAL
4204, 02/03/2016_Málaga_Valencia, 6, 02/03/2016, 27, 28, 13, 1, 2, 1, 2, 1, 0, A, 46, 54, 11, 12, 1, 2, 19, 16, 6, 5, 0, 0, 4, 5, 1, 3, 2.05, 3.30, 3.80, LAL
4205, 02/03/2016_Celta-Vigo_Villarreal, 6, 02/03/2016, 27, 5, 16, 3, 1, 0, 0, 0, 0, D, 70, 30, 11, 6, 4, 3, 8, 18, 2, 5, 0, 0, 9, 2, 2, 1, 2.20, 3.30, 3.40, LAL
4206, 02/03/2016_Levante_Real-Madrid, 6, 02/03/2016, 27, 26, 10, 1, 3, 1, 3, 1, 0, A, 47, 53, 12, 21, 4, 8, 12, 11, 2, 1, 0, 0, 3, 10, 1, 2, 7.00, 4.75, 1.44, LAL
4207, 03/03/2016_Granada_Sporting-Gijón, 6, 03/03/2016, 27, 21, 30, 1, 1, 2, 0, 0, 0, H, 55, 45, 13, 4, 8, 0, 25, 13, 7, 5, 0, 1, 4, 1, 1, 1, 2.10, 3.30, 3.75, LAL
4208, 03/03/2016_Espanyol_Real-Betis, 6, 03/03/2016, 27, 17, 9, 1, 3, 0, 3, 0, 2, A, 53, 47, 15, 9, 3, 6, 20, 13, 4, 2, 0, 0, 5, 0, 6, 1, 1.95, 3.50, 4.00, LAL
4209, 03/03/2016_Rayo-Vallecano_Barcelona, 6, 03/03/2016, 27, 15, 4, 3, 2, 1, 5, 0, 2, A, 36, 64, 8, 20, 4, 8, 17, 9, 0, 2, 2, 0, 3, 5, 3, 5, 13.00, 7.00, 1.20, LAL
4210, 05/03/2016_Real-Madrid_Celta-Vigo, 6, 05/03/2016, 28, 10, 5, 2, 3, 7, 1, 1, 0, H, 56, 44, 20, 8, 12, 3, 13, 12, 2, 3, 0, 0, 10, 5, 1, 2, 1.30, 6.00, 8.00, LAL
4211, 05/03/2016_Villarreal_Las-Palmas, 6, 05/03/2016, 28, 16, 18, 1, 3, 0, 1, 0, 1, A, 57, 43, 13, 10, 2, 3, 10, 8, 1, 2, 0, 0, 6, 2, 4, 2, 1.62, 3.75, 6.00, LAL
4212, 05/03/2016_Getafe_Sevilla, 6, 05/03/2016, 28, 6, 12, 3, 3, 1, 1, 0, 0, D, 49, 51, 14, 7, 4, 4, 12, 14, 5, 2, 0, 0, 10, 9, 3, 4, 3.80, 3.50, 2.00, LAL
4213, 05/03/2016_Deportivo-La-Coruña_Málaga, 6, 05/03/2016, 28, 29, 28, 2, 1, 3, 3, 1, 1, D, 55, 45, 14, 5, 7, 2, 11, 13, 5, 4, 0, 1, 10, 4, 3, 7, 2.50, 3.10, 3.00, LAL
4214, 06/03/2016_Real-Betis_Granada, 6, 06/03/2016, 28, 9, 21, 3, 1, 2, 0, 0, 0, H, 43, 57, 11, 10, 4, 4, 9, 19, 5, 7, 1, 1, 6, 4, 3, 0, 2.10, 3.40, 3.60, LAL
4215, 06/03/2016_Eibar_Barcelona, 6, 06/03/2016, 28, 24, 4, 1, 2, 0, 4, 0, 2, A, 31, 69, 7, 10, 0, 7, 18, 10, 3, 2, 0, 0, 6, 2, 3, 4, 10.00, 6.50, 1.25, LAL
4216, 06/03/2016_Real-Sociedad_Levante, 6, 06/03/2016, 28, 11, 26, 2, 1, 1, 1, 1, 1, D, 58, 42, 15, 10, 3, 3, 12, 16, 4, 3, 0, 0, 10, 3, 4, 2, 1.57, 3.75, 7.00, LAL
4217, 06/03/2016_Sporting-Gijón_Athletic-Club, 6, 06/03/2016, 28, 30, 2, 3, 3, 0, 2, 0, 1, A, 46, 54, 5, 10, 1, 6, 17, 14, 1, 3, 0, 1, 3, 0, 8, 2, 4.00, 3.30, 2.00, LAL
4218, 06/03/2016_Valencia_Atlético-Madrid, 6, 06/03/2016, 28, 13, 3, 2, 2, 1, 3, 1, 1, A, 45, 56, 11, 20, 4, 5, 13, 11, 3, 1, 1, 0, 6, 7, 0, 2, 4.00, 3.30, 2.00, LAL
4219, 07/03/2016_Espanyol_Rayo-Vallecano, 6, 07/03/2016, 28, 17, 15, 2, 3, 2, 1, 1, 0, H, 34, 67, 9, 7, 8, 1, 16, 15, 5, 4, 1, 0, 8, 3, 2, 2, 1.95, 3.50, 4.00, LAL
4220, 11/03/2016_Málaga_Sporting-Gijón, 6, 11/03/2016, 29, 28, 30, 1, 3, 1, 0, 1, 0, H, 48, 52, 13, 9, 3, 4, 8, 13, 2, 4, 0, 0, 3, 4, 3, 5, 1.62, 3.80, 6.00, LAL
4221, 12/03/2016_Barcelona_Getafe, 6, 12/03/2016, 29, 4, 6, 2, 1, 6, 0, 3, 0, H, 70, 30, 16, 6, 9, 1, 7, 13, 0, 3, 0, 0, 5, 3, 1, 2, 1.06, 15.00, 26.00, LAL
4222, 12/03/2016_Celta-Vigo_Real-Sociedad, 6, 12/03/2016, 29, 5, 11, 3, 2, 1, 0, 1, 0, H, 43, 57, 7, 15, 1, 6, 21, 9, 3, 2, 0, 0, 5, 3, 1, 1, 2.10, 3.40, 3.50, LAL
4223, 12/03/2016_Atlético-Madrid_Deportivo-La-Coruña, 6, 12/03/2016, 29, 3, 29, 1, 2, 3, 0, 1, 0, H, 52, 48, 15, 6, 7, 2, 12, 9, 1, 1, 0, 0, 10, 1, 1, 1, 1.25, 5.50, 15.00, LAL
4224, 12/03/2016_Rayo-Vallecano_Eibar, 6, 12/03/2016, 29, 15, 24, 3, 8, 1, 1, 1, 1, D, 59, 41, 12, 7, 3, 1, 17, 18, 5, 3, 0, 1, 8, 0, 5, 3, 2.20, 3.60, 3.10, LAL
4225, 13/03/2016_Levante_Valencia, 6, 13/03/2016, 29, 26, 13, 1, 2, 1, 0, 0, 0, H, 46, 55, 13, 6, 6, 1, 16, 16, 2, 4, 0, 0, 8, 0, 2, 4, 2.63, 3.25, 2.80, LAL
4226, 13/03/2016_Sevilla_Villarreal, 6, 13/03/2016, 29, 12, 16, 3, 1, 4, 2, 1, 2, H, 55, 45, 14, 13, 4, 6, 10, 12, 3, 1, 1, 0, 5, 8, 6, 5, 1.73, 3.75, 5.00, LAL
4227, 13/03/2016_Athletic-Club_Real-Betis, 6, 13/03/2016, 29, 2, 9, 3, 1, 3, 1, 2, 0, H, 49, 51, 18, 3, 9, 1, 12, 9, 1, 0, 0, 0, 5, 6, 1, 0, 1.44, 4.33, 8.00, LAL
4228, 13/03/2016_Las-Palmas_Real-Madrid, 6, 13/03/2016, 29, 18, 10, 8, 2, 1, 2, 0, 1, A, 52, 48, 15, 12, 6, 4, 10, 13, 4, 5, 0, 1, 6, 5, 1, 2, 9.50, 5.25, 1.33, LAL
4229, 14/03/2016_Granada_Espanyol, 6, 14/03/2016, 29, 21, 17, 1, 8, 1, 1, 1, 0, D, 41, 59, 8, 10, 1, 2, 12, 20, 7, 3, 1, 0, 2, 8, 5, 1, 2.15, 3.30, 3.50, LAL
4230, 18/03/2016_Getafe_Eibar, 6, 18/03/2016, 30, 6, 24, 1, 3, 1, 1, 1, 0, D, 43, 57, 8, 20, 4, 6, 12, 13, 1, 2, 0, 0, 3, 3, 2, 1, 2.10, 3.25, 3.75, LAL
4231, 19/03/2016_Sporting-Gijón_Atlético-Madrid, 6, 19/03/2016, 30, 30, 3, 2, 8, 2, 1, 0, 1, H, 62, 38, 12, 4, 3, 1, 14, 11, 6, 2, 0, 0, 7, 2, 0, 2, 8.50, 3.60, 1.53, LAL
4232, 19/03/2016_Real-Sociedad_Las-Palmas, 6, 19/03/2016, 30, 11, 18, 3, 8, 0, 1, 0, 1, A, 62, 38, 13, 12, 3, 7, 16, 17, 4, 5, 0, 0, 11, 5, 2, 0, 1.67, 3.50, 6.00, LAL
4233, 19/03/2016_Granada_Rayo-Vallecano, 6, 19/03/2016, 30, 21, 15, 1, 3, 2, 2, 1, 1, D, 32, 68, 11, 22, 2, 6, 8, 10, 3, 5, 1, 0, 6, 12, 1, 6, 2.15, 3.40, 3.40, LAL
4234, 19/03/2016_Deportivo-La-Coruña_Levante, 6, 19/03/2016, 30, 29, 26, 3, 1, 2, 1, 1, 0, H, 53, 47, 15, 7, 6, 1, 8, 12, 2, 3, 0, 0, 2, 1, 0, 2, 1.91, 3.40, 4.33, LAL
4235, 19/03/2016_Real-Betis_Málaga, 6, 19/03/2016, 30, 9, 28, 1, 1, 0, 1, 0, 0, A, 55, 45, 16, 14, 5, 5, 15, 9, 3, 2, 0, 0, 5, 7, 3, 2, 2.60, 3.10, 2.90, LAL
4236, 20/03/2016_Espanyol_Athletic-Club, 6, 20/03/2016, 30, 17, 2, 2, 3, 2, 1, 0, 1, H, 41, 59, 17, 14, 7, 4, 7, 14, 3, 3, 0, 0, 6, 2, 6, 3, 3.10, 3.40, 2.30, LAL
4237, 20/03/2016_Villarreal_Barcelona, 6, 20/03/2016, 30, 16, 4, 1, 2, 2, 2, 0, 1, D, 32, 68, 14, 15, 6, 6, 17, 9, 8, 4, 0, 0, 4, 4, 2, 4, 8.50, 5.25, 1.33, LAL
4238, 20/03/2016_Valencia_Celta-Vigo, 6, 20/03/2016, 30, 13, 5, 3, 3, 0, 2, 0, 0, A, 48, 52, 14, 13, 4, 6, 14, 14, 1, 0, 0, 0, 4, 5, 1, 2, 2.30, 3.50, 3.00, LAL
4239, 20/03/2016_Real-Madrid_Sevilla, 6, 20/03/2016, 30, 10, 12, 2, 12, 4, 0, 1, 0, H, 63, 37, 26, 8, 12, 4, 10, 10, 2, 2, 0, 0, 8, 8, 6, 3, 1.33, 5.50, 8.50, LAL
4240, 01/04/2016_Rayo-Vallecano_Getafe, 6, 01/04/2016, 31, 15, 6, 27, 8, 2, 0, 1, 0, H, 54, 46, 16, 15, 7, 3, 10, 10, 4, 5, 1, 0, 9, 6, 4, 2, 1.91, 3.60, 4.00, LAL
4241, 02/04/2016_Atlético-Madrid_Real-Betis, 6, 02/04/2016, 31, 3, 9, 22, 3, 5, 1, 2, 0, H, 50, 50, 18, 8, 11, 5, 15, 12, 2, 3, 0, 0, 5, 5, 1, 0, 1.40, 4.33, 10.00, LAL
4242, 02/04/2016_Las-Palmas_Valencia, 6, 02/04/2016, 31, 18, 13, 8, 1, 2, 1, 0, 1, H, 63, 38, 13, 7, 6, 4, 8, 17, 2, 4, 0, 0, 8, 2, 3, 7, 2.38, 3.25, 3.10, LAL
4243, 02/04/2016_Barcelona_Real-Madrid, 6, 02/04/2016, 31, 4, 10, 2, 2, 1, 2, 0, 0, A, 68, 32, 14, 15, 3, 6, 17, 15, 3, 4, 0, 1, 4, 3, 3, 3, 1.57, 4.50, 5.50, LAL
4244, 02/04/2016_Celta-Vigo_Deportivo-La-Coruña, 6, 02/04/2016, 31, 5, 29, 3, 3, 1, 1, 1, 1, D, 61, 39, 9, 7, 2, 3, 15, 8, 4, 4, 0, 1, 11, 0, 4, 0, 1.75, 3.80, 4.75, LAL
4245, 03/04/2016_Athletic-Club_Granada, 6, 03/04/2016, 31, 2, 21, 3, 1, 1, 1, 1, 0, D, 54, 46, 9, 9, 1, 2, 16, 14, 2, 5, 0, 0, 13, 1, 6, 3, 1.44, 4.33, 8.00, LAL
4246, 03/04/2016_Málaga_Espanyol, 6, 03/04/2016, 31, 28, 17, 1, 8, 1, 1, 0, 1, D, 64, 36, 11, 5, 5, 1, 14, 15, 2, 4, 0, 0, 5, 1, 2, 7, 1.85, 3.40, 4.75, LAL
4247, 03/04/2016_Eibar_Villarreal, 6, 03/04/2016, 31, 24, 16, 3, 1, 1, 2, 1, 1, A, 52, 48, 10, 8, 3, 4, 15, 12, 3, 3, 0, 0, 4, 3, 1, 5, 3.10, 3.00, 2.55, LAL
4248, 03/04/2016_Sevilla_Real-Sociedad, 6, 03/04/2016, 31, 12, 11, 3, 2, 1, 2, 0, 1, A, 65, 35, 15, 8, 6, 2, 22, 13, 4, 5, 0, 1, 8, 3, 1, 2, 1.62, 4.00, 5.50, LAL
4249, 04/04/2016_Levante_Sporting-Gijón, 6, 04/04/2016, 31, 26, 30, 1, 3, 0, 0, 0, 0, D, 54, 46, 16, 11, 4, 1, 17, 12, 6, 3, 1, 0, 4, 6, 2, 3, 2.10, 3.25, 3.75, LAL
4250, 08/04/2016_Granada_Málaga, 6, 08/04/2016, 32, 21, 28, 3, 1, 0, 0, 0, 0, D, 49, 51, 8, 9, 1, 2, 14, 10, 1, 3, 0, 0, 5, 5, 4, 2, 2.30, 3.20, 3.30, LAL
4251, 09/04/2016_Real-Madrid_Eibar, 6, 09/04/2016, 32, 10, 24, 2, 3, 4, 0, 4, 0, H, 61, 39, 13, 9, 6, 2, 9, 13, 1, 3, 0, 0, 6, 7, 3, 4, 1.17, 7.50, 13.00, LAL
4252, 09/04/2016_Espanyol_Atlético-Madrid, 6, 09/04/2016, 32, 17, 3, 6, 2, 1, 3, 1, 1, A, 53, 47, 11, 14, 5, 5, 13, 14, 2, 2, 0, 0, 3, 5, 1, 0, 4.00, 3.10, 2.05, LAL
4253, 09/04/2016_Real-Sociedad_Barcelona, 6, 09/04/2016, 32, 11, 4, 2, 2, 1, 0, 1, 0, H, 26, 74, 5, 13, 1, 6, 14, 13, 1, 3, 0, 0, 5, 9, 5, 4, 6.00, 4.33, 1.50, LAL
4254, 09/04/2016_Real-Betis_Levante, 6, 09/04/2016, 32, 9, 26, 1, 1, 1, 0, 0, 0, H, 52, 49, 7, 12, 2, 3, 13, 18, 4, 3, 0, 0, 4, 3, 2, 2, 2.05, 3.25, 3.75, LAL
4255, 10/04/2016_Sporting-Gijón_Celta-Vigo, 6, 10/04/2016, 32, 30, 5, 3, 2, 0, 1, 0, 0, A, 41, 59, 10, 17, 2, 5, 7, 11, 2, 5, 0, 0, 7, 7, 1, 1, 3.10, 3.25, 2.30, LAL
4256, 10/04/2016_Valencia_Sevilla, 6, 10/04/2016, 32, 13, 12, 2, 3, 2, 1, 1, 0, H, 50, 50, 23, 7, 8, 4, 16, 18, 2, 2, 0, 0, 10, 3, 1, 3, 2.20, 3.40, 3.20, LAL
4257, 10/04/2016_Villarreal_Getafe, 6, 10/04/2016, 32, 16, 6, 1, 1, 2, 0, 1, 0, H, 53, 47, 13, 17, 3, 3, 9, 12, 2, 2, 0, 0, 8, 5, 0, 0, 1.50, 3.80, 7.50, LAL
4258, 10/04/2016_Athletic-Club_Rayo-Vallecano, 6, 10/04/2016, 32, 2, 15, 3, 1, 1, 0, 0, 0, H, 44, 56, 14, 12, 7, 4, 8, 14, 1, 3, 0, 0, 0, 5, 2, 7, 1.53, 4.00, 6.00, LAL
4259, 11/04/2016_Deportivo-La-Coruña_Las-Palmas, 6, 11/04/2016, 32, 29, 18, 1, 8, 1, 3, 0, 0, A, 39, 61, 19, 13, 5, 6, 8, 9, 1, 1, 0, 0, 7, 4, 2, 1, 2.05, 3.30, 3.60, LAL
4260, 15/04/2016_Levante_Espanyol, 6, 15/04/2016, 33, 26, 17, 1, 2, 2, 1, 1, 1, H, 51, 49, 12, 10, 4, 2, 10, 12, 5, 0, 0, 0, 4, 6, 5, 4, 2.45, 3.30, 3.00, LAL
4261, 16/04/2016_Getafe_Real-Madrid, 6, 16/04/2016, 33, 6, 10, 1, 2, 1, 5, 0, 2, A, 37, 63, 12, 21, 5, 11, 10, 10, 4, 1, 0, 0, 5, 6, 1, 2, 9.50, 6.00, 1.29, LAL
4262, 16/04/2016_Las-Palmas_Sporting-Gijón, 6, 16/04/2016, 33, 18, 30, 3, 1, 1, 1, 1, 0, D, 56, 44, 10, 13, 4, 2, 11, 21, 2, 5, 0, 0, 3, 10, 2, 1, 1.95, 3.50, 4.00, LAL
4263, 16/04/2016_Eibar_Real-Sociedad, 6, 16/04/2016, 33, 24, 11, 1, 3, 2, 1, 1, 1, H, 44, 57, 9, 7, 4, 4, 16, 11, 3, 2, 0, 0, 2, 0, 0, 2, 2.70, 3.25, 2.70, LAL
4264, 16/04/2016_Celta-Vigo_Real-Betis, 6, 16/04/2016, 33, 5, 9, 3, 3, 1, 1, 0, 1, D, 66, 34, 18, 9, 5, 4, 14, 18, 4, 3, 0, 0, 12, 4, 2, 1, 1.60, 4.20, 5.50, LAL
4265, 17/04/2016_Málaga_Athletic-Club, 6, 17/04/2016, 33, 28, 2, 1, 3, 0, 1, 0, 0, A, 47, 53, 17, 6, 7, 3, 13, 14, 3, 5, 0, 0, 8, 2, 6, 3, 2.30, 3.25, 3.25, LAL
4266, 17/04/2016_Sevilla_Deportivo-La-Coruña, 6, 17/04/2016, 33, 12, 29, 3, 6, 1, 1, 1, 0, D, 58, 42, 11, 5, 3, 4, 15, 8, 2, 2, 0, 0, 10, 0, 4, 2, 1.53, 4.20, 6.00, LAL
4267, 17/04/2016_Atlético-Madrid_Granada, 6, 17/04/2016, 33, 3, 21, 1, 2, 3, 0, 1, 0, H, 56, 44, 8, 11, 3, 0, 16, 14, 3, 5, 0, 0, 4, 2, 2, 0, 1.22, 6.00, 15.00, LAL
4268, 17/04/2016_Rayo-Vallecano_Villarreal, 6, 17/04/2016, 33, 15, 16, 1, 1, 2, 1, 1, 1, H, 64, 37, 14, 6, 6, 2, 14, 15, 2, 4, 0, 0, 4, 3, 1, 4, 2.60, 3.30, 2.75, LAL
4269, 17/04/2016_Barcelona_Valencia, 6, 17/04/2016, 33, 4, 13, 2, 7, 1, 2, 0, 1, A, 69, 31, 22, 7, 7, 2, 12, 15, 3, 3, 0, 0, 7, 2, 7, 5, 1.14, 9.00, 17.00, LAL
4270, 19/04/2016_Espanyol_Celta-Vigo, 6, 19/04/2016, 34, 17, 5, 2, 3, 1, 1, 1, 1, D, 39, 62, 8, 3, 3, 1, 15, 13, 1, 1, 0, 0, 2, 2, 2, 4, 2.38, 3.30, 3.00, LAL
4271, 19/04/2016_Real-Betis_Las-Palmas, 6, 19/04/2016, 34, 9, 18, 3, 2, 1, 0, 0, 0, H, 50, 50, 20, 3, 6, 0, 14, 12, 2, 3, 0, 1, 6, 3, 2, 0, 2.10, 3.50, 3.50, LAL
4272, 20/04/2016_Deportivo-La-Coruña_Barcelona, 6, 20/04/2016, 34, 29, 4, 22, 2, 0, 8, 0, 2, A, 34, 66, 16, 19, 6, 10, 11, 8, 1, 0, 0, 0, 6, 2, 0, 2, 13.00, 7.00, 1.20, LAL
4273, 20/04/2016_Málaga_Rayo-Vallecano, 6, 20/04/2016, 34, 28, 15, 1, 1, 1, 1, 0, 0, D, 51, 49, 12, 11, 4, 4, 19, 13, 1, 3, 0, 0, 7, 7, 2, 1, 1.85, 3.75, 4.20, LAL
4274, 20/04/2016_Valencia_Eibar, 6, 20/04/2016, 34, 13, 24, 2, 2, 4, 0, 3, 0, H, 52, 49, 9, 10, 6, 3, 11, 8, 1, 2, 0, 0, 6, 3, 1, 3, 1.62, 4.20, 5.25, LAL
4275, 20/04/2016_Athletic-Club_Atlético-Madrid, 6, 20/04/2016, 34, 2, 3, 3, 1, 0, 1, 0, 1, A, 68, 32, 12, 8, 6, 2, 9, 7, 0, 0, 0, 0, 8, 4, 0, 2, 4.00, 3.30, 2.00, LAL
4276, 20/04/2016_Sporting-Gijón_Sevilla, 6, 20/04/2016, 34, 30, 12, 3, 3, 2, 1, 0, 1, H, 47, 53, 14, 18, 2, 8, 9, 16, 2, 1, 0, 0, 5, 7, 4, 0, 3.10, 3.40, 2.30, LAL
4277, 20/04/2016_Real-Madrid_Villarreal, 6, 20/04/2016, 34, 10, 16, 2, 1, 3, 0, 1, 0, H, 61, 39, 20, 5, 6, 2, 9, 8, 2, 1, 0, 0, 11, 1, 2, 1, 1.22, 7.00, 11.00, LAL
4278, 21/04/2016_Real-Sociedad_Getafe, 6, 21/04/2016, 34, 11, 6, 2, 3, 1, 2, 1, 1, A, 60, 40, 14, 7, 5, 3, 10, 17, 2, 4, 0, 0, 8, 2, 2, 4, 1.53, 4.20, 6.00, LAL
4279, 21/04/2016_Granada_Levante, 6, 21/04/2016, 34, 21, 26, 3, 1, 5, 1, 2, 0, H, 49, 52, 13, 15, 6, 5, 16, 11, 6, 8, 0, 1, 3, 4, 3, 4, 1.95, 3.50, 3.80, LAL
4280, 22/04/2016_Las-Palmas_Espanyol, 6, 22/04/2016, 35, 18, 17, 3, 3, 4, 0, 1, 0, H, 62, 38, 14, 11, 9, 5, 14, 9, 4, 4, 0, 0, 5, 5, 4, 2, 2.25, 3.30, 3.30, LAL
4281, 23/04/2016_Rayo-Vallecano_Real-Madrid, 6, 23/04/2016, 35, 15, 10, 3, 2, 2, 3, 2, 1, A, 39, 61, 11, 16, 6, 6, 15, 9, 6, 1, 0, 0, 4, 6, 6, 3, 8.50, 5.50, 1.33, LAL
4282, 23/04/2016_Atlético-Madrid_Málaga, 6, 23/04/2016, 35, 3, 28, 1, 1, 1, 0, 0, 0, H, 46, 54, 14, 7, 4, 4, 6, 14, 3, 3, 0, 0, 10, 4, 3, 0, 1.33, 5.00, 11.00, LAL
4283, 23/04/2016_Barcelona_Sporting-Gijón, 6, 23/04/2016, 35, 4, 30, 2, 3, 6, 0, 1, 0, H, 72, 28, 24, 5, 10, 3, 11, 11, 0, 4, 0, 1, 6, 1, 1, 0, 1.04, 17.00, 34.00, LAL
4284, 23/04/2016_Eibar_Deportivo-La-Coruña, 6, 23/04/2016, 35, 24, 29, 12, 1, 1, 1, 1, 0, D, 48, 52, 9, 9, 2, 1, 14, 8, 0, 1, 0, 0, 11, 7, 0, 2, 2.25, 3.20, 3.40, LAL
4285, 24/04/2016_Levante_Athletic-Club, 6, 24/04/2016, 35, 26, 2, 1, 3, 2, 2, 1, 0, D, 36, 65, 10, 19, 5, 8, 13, 8, 2, 1, 0, 0, 4, 9, 3, 2, 3.40, 3.20, 2.25, LAL
4286, 24/04/2016_Sevilla_Real-Betis, 6, 24/04/2016, 35, 12, 9, 3, 3, 2, 0, 0, 0, H, 56, 45, 13, 8, 3, 2, 25, 14, 5, 4, 0, 0, 8, 5, 1, 1, 1.50, 4.33, 6.50, LAL
4287, 24/04/2016_Getafe_Valencia, 6, 24/04/2016, 35, 6, 13, 8, 8, 2, 2, 0, 0, D, 41, 59, 18, 5, 11, 4, 14, 12, 4, 1, 0, 0, 8, 2, 1, 1, 3.20, 3.30, 2.30, LAL
4288, 24/04/2016_Villarreal_Real-Sociedad, 6, 24/04/2016, 35, 16, 11, 1, 2, 0, 0, 0, 0, D, 40, 60, 8, 7, 3, 2, 17, 12, 4, 1, 0, 0, 3, 5, 3, 1, 1.73, 3.75, 5.00, LAL
4289, 25/04/2016_Celta-Vigo_Granada, 6, 25/04/2016, 35, 5, 21, 3, 1, 2, 1, 0, 0, H, 64, 36, 15, 12, 4, 3, 13, 15, 2, 2, 0, 0, 4, 4, 3, 1, 1.53, 4.33, 6.00, LAL
4290, 29/04/2016_Sporting-Gijón_Eibar, 6, 29/04/2016, 36, 30, 24, 3, 3, 2, 0, 1, 0, H, 45, 55, 3, 12, 3, 6, 16, 17, 2, 2, 0, 0, 1, 5, 2, 2, 1.60, 3.80, 5.75, LAL
4291, 30/04/2016_Real-Sociedad_Real-Madrid, 6, 30/04/2016, 36, 11, 10, 2, 2, 0, 1, 0, 0, A, 45, 55, 11, 18, 4, 6, 15, 17, 4, 4, 0, 0, 6, 6, 2, 3, 5.00, 4.00, 1.67, LAL
4292, 30/04/2016_Atlético-Madrid_Rayo-Vallecano, 6, 30/04/2016, 36, 3, 15, 1, 1, 1, 0, 0, 0, H, 38, 62, 12, 13, 6, 2, 14, 12, 1, 1, 0, 0, 5, 7, 6, 0, 1.33, 5.00, 10.00, LAL
4293, 30/04/2016_Real-Betis_Barcelona, 6, 30/04/2016, 36, 9, 4, 3, 2, 0, 2, 0, 0, A, 27, 74, 2, 11, 1, 4, 9, 11, 5, 3, 1, 0, 2, 4, 2, 3, 21.00, 9.00, 1.13, LAL
4294, 30/04/2016_Granada_Las-Palmas, 6, 30/04/2016, 36, 21, 18, 3, 3, 3, 2, 2, 2, H, 37, 63, 14, 12, 5, 6, 11, 9, 3, 2, 0, 0, 4, 3, 3, 1, 1.60, 3.80, 6.00, LAL
4295, 01/05/2016_Athletic-Club_Celta-Vigo, 6, 01/05/2016, 36, 2, 5, 3, 3, 2, 1, 0, 1, H, 57, 43, 10, 5, 2, 2, 12, 19, 1, 5, 0, 1, 7, 2, 1, 7, 1.85, 3.60, 4.33, LAL
4296, 01/05/2016_Espanyol_Sevilla, 6, 01/05/2016, 36, 17, 12, 8, 3, 1, 0, 0, 0, H, 42, 58, 11, 7, 7, 0, 20, 15, 3, 2, 0, 0, 4, 2, 3, 1, 2.30, 3.30, 3.10, LAL
4297, 01/05/2016_Deportivo-La-Coruña_Getafe, 6, 01/05/2016, 36, 29, 6, 1, 8, 0, 2, 0, 1, A, 54, 46, 15, 11, 5, 5, 7, 19, 3, 6, 1, 0, 8, 5, 2, 4, 2.30, 3.30, 3.20, LAL
4298, 01/05/2016_Valencia_Villarreal, 6, 01/05/2016, 36, 13, 16, 2, 1, 0, 2, 0, 2, A, 56, 44, 7, 8, 1, 3, 15, 11, 1, 2, 0, 0, 9, 3, 0, 3, 2.20, 3.30, 3.40, LAL
4299, 02/05/2016_Málaga_Levante, 6, 02/05/2016, 36, 28, 26, 1, 1, 3, 1, 1, 1, H, 58, 42, 22, 11, 11, 5, 18, 10, 2, 4, 0, 0, 13, 7, 1, 3, 2.20, 3.20, 3.50, LAL
4300, 08/05/2016_Las-Palmas_Athletic-Club, 6, 08/05/2016, 37, 18, 2, 8, 3, 0, 0, 0, 0, D, 60, 40, 4, 9, 2, 3, 9, 18, 1, 1, 0, 0, 2, 2, 9, 4, 4.00, 3.60, 1.91, LAL
4301, 08/05/2016_Real-Madrid_Valencia, 6, 08/05/2016, 37, 10, 13, 2, 2, 3, 2, 2, 0, H, 47, 53, 15, 17, 8, 8, 10, 11, 1, 4, 0, 1, 5, 8, 2, 0, 1.20, 7.50, 11.00, LAL
4302, 08/05/2016_Eibar_Real-Betis, 6, 08/05/2016, 37, 24, 9, 3, 3, 1, 1, 0, 1, D, 59, 41, 21, 6, 10, 3, 15, 9, 1, 3, 0, 0, 8, 2, 0, 1, 2.10, 3.60, 3.40, LAL
4303, 08/05/2016_Real-Sociedad_Rayo-Vallecano, 6, 08/05/2016, 37, 11, 15, 3, 3, 2, 1, 1, 0, H, 38, 62, 12, 18, 6, 5, 7, 12, 2, 1, 1, 0, 5, 11, 5, 4, 3.50, 3.60, 2.05, LAL
4304, 08/05/2016_Barcelona_Espanyol, 6, 08/05/2016, 37, 4, 17, 2, 2, 5, 0, 1, 0, H, 68, 33, 13, 4, 7, 2, 15, 25, 3, 7, 0, 0, 8, 0, 1, 1, 1.04, 17.00, 41.00, LAL
4305, 08/05/2016_Levante_Atlético-Madrid, 6, 08/05/2016, 37, 26, 3, 3, 1, 2, 1, 1, 1, H, 55, 45, 11, 17, 5, 5, 8, 11, 1, 1, 0, 0, 4, 5, 1, 3, 17.00, 6.50, 1.20, LAL
4306, 08/05/2016_Villarreal_Deportivo-La-Coruña, 6, 08/05/2016, 37, 16, 29, 1, 8, 0, 2, 0, 1, A, 66, 34, 10, 8, 4, 4, 14, 4, 3, 1, 0, 0, 8, 5, 1, 1, 2.45, 3.10, 3.10, LAL
4307, 08/05/2016_Getafe_Sporting-Gijón, 6, 08/05/2016, 37, 6, 30, 3, 3, 1, 1, 0, 0, D, 59, 41, 19, 9, 9, 3, 15, 13, 3, 3, 0, 1, 7, 3, 2, 0, 2.10, 3.60, 3.40, LAL
4308, 08/05/2016_Celta-Vigo_Málaga, 6, 08/05/2016, 37, 5, 28, 3, 1, 1, 0, 1, 0, H, 56, 44, 12, 13, 3, 5, 11, 10, 0, 2, 0, 0, 4, 3, 4, 2, 1.50, 4.20, 7.00, LAL
4309, 08/05/2016_Sevilla_Granada, 6, 08/05/2016, 37, 12, 21, 3, 1, 1, 4, 0, 1, A, 61, 39, 12, 11, 6, 7, 18, 11, 4, 1, 0, 0, 5, 4, 2, 2, 2.88, 3.75, 2.30, LAL
4310, 13/05/2016_Valencia_Real-Sociedad, 6, 13/05/2016, 38, 13, 11, 2, 3, 0, 1, 0, 0, A, 50, 50, 8, 14, 0, 7, 18, 12, 2, 2, 0, 0, 4, 6, 1, 3, 1.95, 3.75, 3.75, LAL
4311, 14/05/2016_Granada_Barcelona, 6, 14/05/2016, 38, 21, 4, 3, 2, 0, 3, 0, 2, A, 34, 66, 8, 12, 2, 10, 12, 10, 5, 2, 0, 0, 5, 6, 3, 3, 26.00, 11.00, 1.08, LAL
4312, 14/05/2016_Deportivo-La-Coruña_Real-Madrid, 6, 14/05/2016, 38, 29, 10, 7, 2, 0, 2, 0, 2, A, 41, 60, 10, 17, 2, 5, 6, 9, 1, 4, 0, 0, 4, 8, 0, 3, 13.00, 8.00, 1.18, LAL
4313, 14/05/2016_Atlético-Madrid_Celta-Vigo, 6, 14/05/2016, 38, 3, 5, 1, 3, 2, 0, 0, 0, H, 46, 54, 12, 7, 5, 4, 16, 17, 4, 5, 0, 0, 4, 4, 1, 0, 1.75, 3.75, 4.50, LAL
4314, 14/05/2016_Athletic-Club_Sevilla, 6, 14/05/2016, 38, 2, 12, 3, 3, 3, 1, 2, 0, H, 57, 43, 13, 9, 6, 5, 13, 11, 1, 3, 1, 2, 7, 6, 1, 3, 1.33, 5.75, 8.00, LAL
4315, 15/05/2016_Málaga_Las-Palmas, 6, 15/05/2016, 38, 28, 18, 1, 8, 4, 1, 1, 1, H, 36, 64, 14, 12, 8, 7, 16, 10, 1, 1, 0, 0, 3, 6, 0, 5, 1.80, 3.75, 4.50, LAL
4316, 15/05/2016_Espanyol_Eibar, 6, 15/05/2016, 38, 17, 24, 2, 1, 4, 2, 2, 0, H, 50, 50, 11, 13, 7, 8, 10, 14, 4, 3, 0, 0, 3, 4, 5, 0, 2.00, 3.60, 3.70, LAL
4317, 15/05/2016_Real-Betis_Getafe, 6, 15/05/2016, 38, 9, 6, 1, 2, 2, 1, 0, 0, H, 60, 40, 7, 15, 4, 6, 8, 27, 1, 8, 0, 1, 3, 2, 2, 6, 5.00, 3.80, 1.70, LAL
4318, 15/05/2016_Rayo-Vallecano_Levante, 6, 15/05/2016, 38, 15, 26, 3, 3, 3, 1, 2, 0, H, 56, 44, 21, 8, 9, 2, 14, 8, 1, 3, 0, 0, 9, 3, 3, 0, 1.33, 5.25, 9.00, LAL
4319, 15/05/2016_Sporting-Gijón_Villarreal, 6, 15/05/2016, 38, 30, 16, 1, 1, 2, 0, 1, 0, H, 52, 48, 16, 10, 7, 5, 10, 6, 1, 2, 0, 0, 4, 1, 1, 3, 1.44, 4.50, 7.50, LAL
